MANDT,RUECK,RMZHL,ERSDA,ERNAM,LAEDA,AENAM,BUDAT,ARBID,WERKS,LTXA1,TXTSP,ISERH,ZEIER,ILE01,ISM01,ILE02,ISM02,ILE03,ISM03,ILE04,ISM04,ILE05,ISM05,ILE06,ISM06,ABARB,ISMNW,ISMNE,LEARR,IDAUR,IDAUE,ZCODE,LOART,QUALF,ANZMA,LOGRP,GMNGA,LMNGA,XMNGA,GMEIN,MEINH,GRUND,PERNR,ISDD,ISDZ,IERD,IERZ,ISBD,ISBZ,IEBD,IEBZ,ISAD,ISAZ,IEDD,IEDZ,PEDD,PEDZ,WABLNR,WEBLNR,AUERU,AUSOR,STNDR,MANUR,MEILR,AUFPL,APLZL,AUFNR,APLFL,VORNR,SUMNR,OFM01,OFE01,LEK01,OFM02,OFE02,LEK02,OFM03,OFE03,LEK03,OFM04,OFE04,LEK04,OFM05,OFE05,LEK05,OFM06,OFE06,LEK06,OFMNW,OFMNE,LEKNW,ODAUR,ODAUE,STOKZ,STZHL,SMENG,RUECK_MST,RMZHL_MST,PDSNR,KAPID,SPLIT,ZAUSW,ORIND,ORIGF,CANUM,BELNR_IST,BELNR_UMB,RMNGA,CATSBELNR,SATZA,ERZET,CATSPRICE,CATSTCURR,CATSPEINH,BEMOT,IPRZ1,IPRE1,IPRK1,EXNAM,EXERD,EXERZ,PRZ01,OPRZ1,OPRE1,SKOKRS,SKOSTL,NODAT,ISMNU,OFMNU,PACKNO,EXTID,SCHGRUP,KAPTPROG,OBMAT,OBCHA,LICHA,MYEAR,ME_SFCID,ME_2ND_CONF_QTY,ROLE_ID,EEW_AFRU_PS_DUMMY,UCMAT,UCCHA,WTY_IND,NO_GOODSMOVEMENT_VIA_API
"020","0000829118","00000001","20120524","EP04PP36","00000000","","20120524","10000418","EP04","","",0.000,"","EA",1.000,"EA",1.000,"EA",1.000,"",0.000,"",0.000,"",0.000,"000",0.0,"","",0.0,"","","","",0.00,"",1162.060,1162.060,0.000,"KG","KG","","00000000","20120515","000000","00000000","000000","00000000","000000","00000000","000000","00000000","000000","20120515","000000","00000000","000000","","","X","X","","1","","0000151330","00000004","400000029270","000000","0040","00000000",0.000,"","",0.000,"","",0.000,"","",0.000,"","",0.000,"","",0.000,"","",0.0,"","",0.0,"","","00000000",1189.440,"0000000000","00000000","000000370975","00000000",0,"00000000","6","M","0000","","",0.000,"","L40","230046",0.00,"",0,"",0.000,"","","","00000000","000000","",0.000,"","","","","","","0000000000",0x00000000000000000000000000000000,"","","","","","0000","",0.000,"","","","","",""
"020","0000857877","00000001","20120709","EP04PP14","00000000","","20120709","10000418","EP04","","",0.000,"","EA",1.000,"EA",1.000,"EA",1.000,"",0.000,"",0.000,"",0.000,"000",0.0,"","",0.0,"","","","",0.00,"",1172.130,1172.130,0.000,"KG","KG","","00000000","20120705","000000","00000000","000000","00000000","000000","00000000","000000","00000000","000000","20120705","000000","00000000","000000","","","X","X","","1","","0000156142","00000004","400000030962","000000","0040","00000000",0.000,"","",0.000,"","",0.000,"","",0.000,"","",0.000,"","",0.000,"","",0.0,"","",0.0,"","","00000000",1189.440,"0000000000","00000000","000000382048","00000000",0,"00000000","6","M","0000","","",0.000,"","L40","225231",0.00,"",0,"",0.000,"","","","00000000","000000","",0.000,"","","","","","","0000000000",0x00000000000000000000000000000000,"","","","","","0000","",0.000,"","","","","",""
"020","0000860318","00000001","20120713","EP04PP14","00000000","","20120713","10000418","EP04","","",0.000,"","EA",1.000,"EA",1.000,"EA",1.000,"",0.000,"",0.000,"",0.000,"000",0.0,"","",0.0,"","","","",0.00,"",1172.330,1172.330,0.000,"KG","KG","","00000000","20120710","000000","00000000","000000","00000000","000000","00000000","000000","00000000","000000","20120710","000000","00000000","000000","","","X","X","","1","","0000156512","00000004","400000031110","000000","0040","00000000",0.000,"","",0.000,"","",0.000,"","",0.000,"","",0.000,"","",0.000,"","",0.0,"","",0.0,"","","00000000",1189.440,"0000000000","00000000","000000383199","00000000",0,"00000000","6","M","0000","","",0.000,"","L40","142042",0.00,"",0,"",0.000,"","","","00000000","000000","",0.000,"","","","","","","0000000000",0x00000000000000000000000000000000,"","","","","","0000","",0.000,"","","","","",""
"020","0000863648","00000001","20120720","EP04PP54","00000000","","20120720","10000418","EP04","","",0.000,"","EA",1.000,"EA",1.000,"EA",1.000,"",0.000,"",0.000,"",0.000,"000",0.0,"","",0.0,"","","","",0.00,"",1171.130,1171.130,0.000,"KG","KG","","00000000","20120716","000000","00000000","000000","00000000","000000","00000000","000000","00000000","000000","20120716","000000","00000000","000000","","","X","X","","1","","0000157085","00000004","400000031321","000000","0040","00000000",0.000,"","",0.000,"","",0.000,"","",0.000,"","",0.000,"","",0.000,"","",0.0,"","",0.0,"","","00000000",1189.440,"0000000000","00000000","000000385032","00000000",0,"00000000","6","M","0000","","",0.000,"","L40","122711",0.00,"",0,"",0.000,"","","","00000000","000000","",0.000,"","","","","","","0000000000",0x00000000000000000000000000000000,"","","","","","0000","",0.000,"","","","","",""
"020","0000877052","00000001","20120803","EP04PP39","00000000","","20120803","10000418","EP04","","",0.000,"","EA",1.000,"EA",1.000,"EA",1.000,"",0.000,"",0.000,"",0.000,"000",0.0,"","",0.0,"","","","",0.00,"",1168.130,1168.130,0.000,"KG","KG","","00000000","20120730","000000","00000000","000000","00000000","000000","00000000","000000","00000000","000000","20120730","000000","00000000","000000","","","X","X","","1","","0000158721","00000004","400000031797","000000","0040","00000000",0.000,"","",0.000,"","",0.000,"","",0.000,"","",0.000,"","",0.000,"","",0.0,"","",0.0,"","","00000000",1189.440,"0000000000","00000000","000000388722","00000000",0,"00000000","6","M","0000","","",0.000,"","L40","070136",0.00,"",0,"",0.000,"","","","00000000","000000","",0.000,"","","","","","","0000000000",0x00000000000000000000000000000000,"","","","","","0000","",0.000,"","","","","",""
"020","0000883382","00000001","20120814","EP04PP52","00000000","","20120814","10000418","EP04","","",0.000,"","EA",1.000,"EA",1.000,"EA",1.000,"",0.000,"",0.000,"",0.000,"000",0.0,"","",0.0,"","","","",0.00,"",1168.130,1168.130,0.000,"KG","KG","","00000000","20120807","000000","00000000","000000","00000000","000000","00000000","000000","00000000","000000","20120807","000000","00000000","000000","","","X","X","","1","","0000159606","00000004","400000032026","000000","0040","00000000",0.000,"","",0.000,"","",0.000,"","",0.000,"","",0.000,"","",0.000,"","",0.0,"","",0.0,"","","00000000",1189.440,"0000000000","00000000","000000391862","00000000",0,"00000000","6","M","0000","","",0.000,"","L40","182449",0.00,"",0,"",0.000,"","","","00000000","000000","",0.000,"","","","","","","0000000000",0x00000000000000000000000000000000,"","","","","","0000","",0.000,"","","","","",""
"020","0000897040","00000001","20120831","EP04PP39","00000000","","20120831","10000418","EP04","","",0.000,"","EA",1.000,"EA",1.000,"EA",1.000,"",0.000,"",0.000,"",0.000,"000",0.0,"","",0.0,"","","","",0.00,"",1167.930,1167.930,0.000,"KG","KG","","00000000","20120827","000000","00000000","000000","00000000","000000","00000000","000000","00000000","000000","20120827","000000","00000000","000000","","","X","X","","1","","0000161534","00000004","400000032594","000000","0040","00000000",0.000,"","",0.000,"","",0.000,"","",0.000,"","",0.000,"","",0.000,"","",0.0,"","",0.0,"","","00000000",1189.440,"0000000000","00000000","000000396289","00000000",0,"00000000","6","M","0000","","",0.000,"","L40","171621",0.00,"",0,"",0.000,"","","","00000000","000000","",0.000,"","","","","","","0000000000",0x00000000000000000000000000000000,"","","","","","0000","",0.000,"","","","","",""
"020","0000914924","00000001","20121005","EP04PP39","00000000","","20121005","10000418","EP04","","",0.000,"","EA",1.000,"EA",1.000,"EA",1.000,"",0.000,"",0.000,"",0.000,"000",0.0,"","",0.0,"","","","",0.00,"",1163.730,1163.730,0.000,"KG","KG","","00000000","20120927","000000","00000000","000000","00000000","000000","00000000","000000","00000000","000000","20120927","000000","00000000","000000","","","X","X","","1","","0000164218","00000004","400000033395","000000","0040","00000000",0.000,"","",0.000,"","",0.000,"","",0.000,"","",0.000,"","",0.000,"","",0.0,"","",0.0,"","","00000000",1189.440,"0000000000","00000000","000000405158","00000000",0,"00000000","6","M","0000","","",0.000,"","L40","122310",0.00,"",0,"",0.000,"","","","00000000","000000","",0.000,"","","","","","","0000000000",0x00000000000000000000000000000000,"","","","","","0000","",0.000,"","","","","",""
"020","0000922732","00000001","20121017","EP04PP54","00000000","","20121017","10000418","EP04","","",0.000,"","EA",1.000,"EA",1.000,"EA",1.000,"",0.000,"",0.000,"",0.000,"000",0.0,"","",0.0,"","","","",0.00,"",1165.730,1165.730,0.000,"KG","KG","","00000000","20121011","000000","00000000","000000","00000000","000000","00000000","000000","00000000","000000","20121011","000000","00000000","000000","","","X","X","","1","","0000165433","00000004","400000033908","000000","0040","00000000",0.000,"","",0.000,"","",0.000,"","",0.000,"","",0.000,"","",0.000,"","",0.0,"","",0.0,"","","00000000",1189.440,"0000000000","00000000","000000408107","00000000",0,"00000000","6","M","0000","","",0.000,"","L40","045512",0.00,"",0,"",0.000,"","","","00000000","000000","",0.000,"","","","","","","0000000000",0x00000000000000000000000000000000,"","","","","","0000","",0.000,"","","","","",""
"020","0000934568","00000001","20121107","EP04PP52","00000000","","20121107","10000418","EP04","","",0.000,"","EA",1.000,"EA",1.000,"EA",1.000,"",0.000,"",0.000,"",0.000,"000",0.0,"","",0.0,"","","","",0.00,"",1168.210,1168.210,0.000,"KG","KG","","00000000","20121031","000000","00000000","000000","00000000","000000","00000000","000000","00000000","000000","20121031","000000","00000000","000000","","","X","X","","1","","0000167266","00000004","400000034569","000000","0040","00000000",0.000,"","",0.000,"","",0.000,"","",0.000,"","",0.000,"","",0.000,"","",0.0,"","",0.0,"","","00000000",1189.440,"0000000000","00000000","000000414046","00000000",0,"00000000","6","M","0000","","",0.000,"","L40","105503",0.00,"",0,"",0.000,"","","","00000000","000000","",0.000,"","","","","","","0000000000",0x00000000000000000000000000000000,"","","","","","0000","",0.000,"","","","","",""
