MANDT,BMATN,AMPNR,EMATN,MFRNR,WERKS,DATUV,DATUB,REVLV,AMPSP,REOAM,ERDAT,ERNAM
"020","000000000110000192","00001","110000192M001","0000101179","EP04","20130129","20181231","","","","20130129","ADESHPANDE"
"020","000000000110000194","00001","110000194M001","0000101126","EP04","20130129","20181231","","","","20130129","ADESHPANDE"
"020","000000000110000230","00001","110000230M001","0000101049","EP04","20130129","20181231","","","","20130129","ADESHPANDE"
"020","000000000110000369","00001","110000369M001","0000102114","EP04","20121201","20170312","","","","20130327","ADESHPANDE"
"020","000000000110000427","00001","110000427M001","0000100165","EP04","20141105","20191104","","","","20141105","ADESHPANDE"
"020","000000000110000452","00001","110000452M001","0000100232","EP04","20160603","20200602","","","","20160603","ADESHPANDE"
"020","000000000110000483","00001","110000483M001","0000100453","EP04","20130129","20181231","","","","20130129","ADESHPANDE"
"020","000000000110000529","00001","110000529M001","0000101056","EP04","20130806","20180805","","","","20130806","ADESHPANDE"
"020","000000000110000530","00001","110000530M001","0000100165","EP04","20140428","20190427","","","","20140428","ADESHPANDE"
"020","000000000110000531","00001","110000531M001","0000102075","EP04","20121101","20171031","","","","20130603","ADESHPANDE"
