MANDT,ATINN,SPRAS,ADZHL,ATBEZ,ATUE1,ATUE2,DATUV,TECHV,AENNR,LKENZ,DATUB
20,16,E,0,Purchase requisition document,,,0,,,,99991231
20,17,E,0,Total Item Value,,,0,,,,99991231
20,18,E,0,Purchase requisition document,,,0,,,,99991231
20,19,E,0,Order type (Purchasing),,,0,,,,99991231
20,20,E,0,Total net order value,,,0,,,,99991231
20,22,E,0,Purchasing group,,,0,,,,99991231
20,25,E,0,MATERIAL_PRICE,,,0,,,,99991231
20,28,E,0,Batch Number,,,0,,,,99991231
20,31,E,0,Reference,,,0,,,,99991231
20,35,E,0,Assay/Potency for BoM Calcul.,,,0,,,,99991231
20,37,E,0,Purchasing Organization,,,0,,,,99991231
20,40,E,0,assay/potency,,,0,,,,99991231
20,43,E,0,Method,,,0,,,,99991231
20,47,E,0,Additional Text  Field,,,0,,,,99991231
20,48,E,0,Assay/Potency for BoM Calcul.,,,0,,,,99991231
20,49,E,0,Total net order value,,,0,,,,99991231
20,52,E,0,RANGE,,,0,,,,99991231
20,1,E,0,DOSAGE FORMS,,,0,,,,99991231
20,2,E,0,DPCO CATAGORY,,,0,,,,99991231
20,3,E,0,EXCISE TYPE,,,0,,,,99991231
20,4,E,0,EXCISE SUB TYPE,,,0,,,,99991231
20,5,E,0,FACTORY SALES,,,0,,,,99991231
20,6,E,0,PHARMACOLOGICAL CLASSIFICATION,,,0,,,,99991231
20,97,E,0,assay/potency_3,,,0,,,,99991231
20,100,E,0,TDS Issuance,,,0,,,,99991231
20,103,E,0,ACCEPTENCE CRITERIA,,,0,,,,99991231
20,104,E,0,PARENT EQUIPMENT,,,0,,,,99991231
20,105,E,0,SERVICE,,,0,,,,99991231
20,106,E,0,Resolution Least Count,,,0,,,,99991231
20,107,E,0,OPERATION RANGE,,,0,,,,99991231
20,109,E,0,FIDOC Attachmnet,,,0,,,,99991231
20,112,E,0,Z_plant,,,0,,,,99991231
20,113,E,0,Z_MARKET,,,0,,,,99991231
20,114,E,0,Z_END_USE,,,0,,,,99991231
20,115,E,0,MIGO_INVOICE,,,0,,,,99991231
20,116,E,0,MIGO,,,0,,,,99991231
20,118,E,0,TYPE,,,0,,,,99991231
20,119,E,0,SPECIFIC BATCH USE,,,0,,,,99991231
20,120,E,0,OPERATION,,,0,,,,99991231
20,121,E,0,SCADA,,,0,,,,99991231
20,122,E,0,HMI,,,0,,,,99991231
20,123,E,0,TYPE OF STIRRER MIXER,,,0,,,,99991231
20,124,E,0,RPM,,,0,,,,99991231
20,125,E,0,GROSS VOLUME,,,0,,,,99991231
20,126,E,0,OPERATIONAL VOLUME,,,0,,,,99991231
20,127,E,0,DEDICATED LINE FOR USE,,,0,,,,99991231
20,128,E,0,Capacity,,,0,,,,99991231
20,130,E,0,Plant,,,0,,,,99991231
20,136,E,0,Purchasing document category,,,0,,,,99991231
20,139,E,0,Purchasing document category,,,0,,,,99991231
20,140,E,0,Purchasing document category,,,0,,,,99991231
20,145,E,0,CATEGORY,,,0,,,,99991231
20,146,E,0,Tag No,,,0,,,,99991231
20,142,E,0,Vendor,,,0,,,,99991231
20,148,E,0,AMC Start Date,,,0,,,,99991231
20,149,E,0,AMC End Date,,,0,,,,99991231
20,150,E,0,PM Visit,,,0,,,,99991231
20,151,E,0,BD Visit,,,0,,,,99991231
20,152,E,0,Calibration Visit,,,0,,,,99991231
20,153,E,0,VALIDATION VISIT,,,0,,,,99991231
20,154,E,0,PO,,,0,,,,99991231
20,157,E,0,PM Visit,,,0,,,,99991231
20,158,E,0,Vendor,,,0,,,,99991231
20,160,E,0,ATC,,,0,,,,99991231
20,161,E,0,AIC,,,0,,,,99991231
20,163,E,0,Plant,,,0,,,,99991231
20,166,E,0,Plant,,,0,,,,99991231
20,167,E,0,Purchasing Group,,,0,,,,99991231
20,803,E,0,COLUMN MANUFACTURER,,,0,,,,99991231
20,804,E,0,COLUMN TYPE,,,0,,,,99991231
20,805,E,0,COLUMN DIM LENGTH,,,0,,,,99991231
20,806,E,0,COLUMN DIM WIDTH,,,0,,,,99991231
20,807,E,0,Column Particle Size,,,0,,,,99991231
20,808,E,0,COLUMN_CHEMISTRY,,,0,,,,99991231
20,9999999428,D,0,Ursprungsregion des Materials,,,0,,,,99991231
20,9999999416,D,0,Material zur Ursprungscharge,,,0,,,,99991231
20,9999999419,D,0,Min. Haltbark. / Reife in Sek.,,,0,,,,99991231
20,9999999420,D,0,Max. Haltbark./ Haltb. in Sek.,,,0,,,,99991231
20,9999999422,D,0,"Datum, an dem die Charge herge",,,0,,,,99991231
20,9999999425,D,0,nicht zulässig für Kunde,,,0,,,,99991231
20,9999999429,D,0,Lieferantenchargennummer,,,0,,,,99991231
20,9999999430,D,0,Kontonummer des Lieferanten,,,0,,,,99991231
20,9999999431,D,0,Datum zur freien Verwendung 1,,,0,,,,99991231
20,9999999432,D,0,Datum zur freien Verwendung 2,,,0,,,,99991231
20,9999999433,D,0,Datum zur freien Verwendung 3,,,0,,,,99991231
20,9999999434,D,0,Datum zur freien Verwendung 4,,,0,,,,99991231
20,9999999435,D,0,Datum zur freien Verwendung 5,,,0,,,,99991231
20,9999999436,D,0,Datum zur freien Verwendung 6,,,0,,,,99991231
20,9999999437,D,0,Datum des letzten Wareneingang,,,0,,,,99991231
20,9999999438,D,0,Materialgruppe Export,,,0,,,,99991231
20,9999999439,D,0,Vergleichsop. der Restlaufzeit,,,0,,,,99991231
20,9999999423,D,0,Ursprungsland/-region,,,0,,,,99991231
20,9999999426,D,0,zulässig für Land/Region,,,0,,,,99991231
20,9999999427,D,0,nicht zulässig für Land/Region,,,0,,,,99991231
20,9999999429,I,0,Numero partita fornitori,,,0,,,,99991231
20,9999999430,I,0,Numero del conto del fornitore,,,0,,,,99991231
20,9999999439,I,0,Op. confronto run-time res.,,,0,,,,99991231
20,9999999423,I,0,Paese/regione d'origine,,,0,,,,99991231
20,9999999417,I,0,Divisione partita originale,,,0,,,,99991231
20,9999999418,I,0,Partita originale,,,0,,,,99991231
20,9999999419,I,0,Scad. minima / mat. in secondi,,,0,,,,99991231
20,9999999420,I,0,Scadenza max. / scad. in sec.,,,0,,,,99991231
20,9999999421,I,0,Timestamp di riferimento part.,,,0,,,,99991231
20,9999999422,I,0,Data in cui viene creata part.,,,0,,,,99991231
20,9999999425,I,0,Non ammesso per il cliente,,,0,,,,99991231
20,9999999431,I,0,Data per utilizzo libero 1,,,0,,,,99991231
20,9999999432,I,0,Data per utilizzo libero 2,,,0,,,,99991231
20,9999999433,I,0,Data per utilizzo libero 3,,,0,,,,99991231
20,9999999434,I,0,Data per utilizzo libero 4,,,0,,,,99991231
20,9999999435,I,0,Data per utilizzo libero 5,,,0,,,,99991231
20,9999999436,I,0,Data per utilizzo libero 6,,,0,,,,99991231
20,9999999437,I,0,Data dell'ultima entrata merci,,,0,,,,99991231
20,9999999416,I,0,Materiale per partita origin.,,,0,,,,99991231
20,9999999424,I,0,Ammesso per il cliente,,,0,,,,99991231
20,9999999438,I,0,Gruppo di materiali esport.,,,0,,,,99991231
20,9999999426,I,0,Ammesso per paese/regione,,,0,,,,99991231
20,9999999427,I,0,Non ammesso per paese/regione,,,0,,,,99991231
20,9999999419,S,0,Tmpo.caduc.mín./Madurez sec.,,,0,,,,99991231
20,9999999420,S,0,Tmpo.caduc.máx./Duración sec.,,,0,,,,99991231
20,9999999424,S,0,Permitido para el cliente,,,0,,,,99991231
20,9999999428,S,0,Región de origen del material,,,0,,,,99991231
20,9999999429,S,0,Número de lote de proveedor,,,0,,,,99991231
20,9999999430,S,0,Número de cuenta del proveedor,,,0,,,,99991231
20,9999999439,S,0,Op.compar.tpo.rest.vencimiento,,,0,,,,99991231
20,9999999423,S,0,País/Región de origen,,,0,,,,99991231
20,9999999431,S,0,Fecha para utilización libre 1,,,0,,,,99991231
20,9999999432,S,0,Fecha para utilización libre 2,,,0,,,,99991231
20,9999999433,S,0,Fecha para utilización libre 3,,,0,,,,99991231
20,9999999434,S,0,Fecha para utilización libre 4,,,0,,,,99991231
20,9999999435,S,0,Fecha para utilización libre 5,,,0,,,,99991231
20,9999999436,S,0,Fecha para utilización libre 6,,,0,,,,99991231
20,9999999437,S,0,Fecha últ.entrada mercancías,,,0,,,,99991231
20,9999999438,S,0,Exportación grupo materiales,,,0,,,,99991231
20,9999999427,S,0,no permitido para país/región,,,0,,,,99991231
20,9999999416,F,0,Article pour lot d'origine,,,0,,,,99991231
20,9999999417,F,0,Division du lot d'origine,,,0,,,,99991231
20,9999999418,F,0,Lot d'origine,,,0,,,,99991231
20,9999999419,F,0,DuréeConsMin./Maturité en sec.,,,0,,,,99991231
20,9999999420,F,0,DuréeConsMax./DurCons. en sec.,,,0,,,,99991231
20,9999999421,F,0,Horodatage de référence du lot,,,0,,,,99991231
20,9999999422,F,0,Date de production du lot,,,0,,,,99991231
20,9999999423,F,0,Pays/Région d'origine,,,0,,,,99991231
20,9999999424,F,0,Autorisé pour le client,,,0,,,,99991231
20,9999999425,F,0,Non autorisé pour le client,,,0,,,,99991231
20,9999999426,F,0,autorisé pour pays/région,,,0,,,,99991231
20,9999999427,F,0,non autorisé pr pays/région,,,0,,,,99991231
20,9999999428,F,0,Région d'origine de l'article,,,0,,,,99991231
20,9999999429,F,0,Numéro de lot externe,,,0,,,,99991231
20,9999999430,F,0,Numéro de cpte fournisseur,,,0,,,,99991231
20,9999999431,F,0,Date de l'utilisation libre 1,,,0,,,,99991231
20,9999999432,F,0,Date de l'utilisation libre 2,,,0,,,,99991231
20,9999999433,F,0,Date de l'utilisation libre 3,,,0,,,,99991231
20,9999999434,F,0,Date de l'utilisation libre 4,,,0,,,,99991231
20,9999999435,F,0,Date de l'utilisation libre 5,,,0,,,,99991231
20,9999999436,F,0,Date de l'utilisation libre 6,,,0,,,,99991231
20,9999999437,F,0,Date dern. entrée marchandises,,,0,,,,99991231
20,878,E,0,STRENGTH_UNIT_2,,,0,,,,99991231
20,879,E,0,Strength_3,,,0,,,,99991231
20,880,E,0,STRENGTH_UNIT_3,,,0,,,,99991231
20,881,E,0,Date Format,,,0,,,,99991231
20,882,E,0,Date Format - French,,,0,,,,99991231
20,883,E,0,Format - French,,,0,,,,99991231
20,884,E,0,Cold Product,,,0,,,,99991231
20,9999999438,F,0,Exportation groupe d'articles,,,0,,,,99991231
20,9999999439,F,0,Opér. relat. durée exéc. rest.,,,0,,,,99991231
20,7,E,0,MANUFACTURING TYPE,,,0,,,,99991231
20,8,E,0,TYPE OF FOIL,,,0,,,,99991231
20,9,E,0,GSM OF FOIL,,,0,,,,99991231
20,10,E,0,NUMBER OF COLORS,,,0,,,,99991231
20,11,E,0,DIMENSION,,,0,,,,99991231
20,12,E,0,TYPE OF BOARD,,,0,,,,99991231
20,13,E,0,LAMINATED/NON LAMINATED,,,0,,,,99991231
20,14,E,0,GSM OF BOARD,,,0,,,,99991231
20,15,E,0,Assay/Potency for BoM Calcul.,,,0,,,,99991231
20,53,E,0,CALIBRATION POINTS,,,0,,,,99991231
20,54,E,0,Least count,,,0,,,,99991231
20,55,E,0,Acceptence Criteria,,,0,,,,99991231
20,56,E,0,CALIBRATION POINTS,,,0,,,,99991231
20,57,E,0,CALIBRATION POINTS,,,0,,,,99991231
20,65,E,0,Material group class for eBR,,,0,,,,99991231
20,68,E,0,100 Pcs Count Weight eBR,,,0,,,,99991231
20,70,E,0,Total net order value-MPI,,,0,,,,99991231
20,73,E,0,Work Center,,,0,,,,99991231
20,79,E,0,Total net order value,,,0,,,,99991231
20,80,E,0,Plant Code,,,0,,,,99991231
20,81,E,0,Special Instructions,,,0,,,,99991231
20,82,E,0,BMR_BPR Issuance,,,0,,,,99991231
20,83,E,0,Capex,,,0,,,,99991231
20,84,E,0,URS AVAILABLITY,,,0,,,,99991231
20,85,E,0,DQ AVAILABLITY,,,0,,,,99991231
20,86,E,0,IQ AVAILABLITY,,,0,,,,99991231
20,87,E,0,OQ AVAILABLITY,,,0,,,,99991231
20,88,E,0,PQ AVAILABLITY,,,0,,,,99991231
20,89,E,0,CRITICAL,,,0,,,,99991231
20,90,E,0,NONCRITICAL,,,0,,,,99991231
20,91,E,0,CAPACITY,,,0,,,,99991231
20,92,E,0,USERMANUAL,,,0,,,,99991231
20,93,E,0,PLC MAKE,,,0,,,,99991231
20,809,E,0,DIN / NPN,,,0,,,,99991231
20,810,E,0,DIN / NPN Number,,,0,,,,99991231
20,811,E,0,Color,,,0,,,,99991231
20,812,E,0,Shape,,,0,,,,99991231
20,813,E,0,Marquage side 1,,,0,,,,99991231
20,814,E,0,Marquage side 2,,,0,,,,99991231
20,815,E,0,Format,,,0,,,,99991231
20,816,E,0,ATC,,,0,,,,99991231
20,817,E,0,GAI,,,0,,,,99991231
20,818,E,0,Item Category,,,0,,,,99991231
20,819,E,0,Item Group,,,0,,,,99991231
20,820,E,0,AHFS,,,0,,,,99991231
20,821,E,0,Narcotique,,,0,,,,99991231
20,822,E,0,Sterile product,,,0,,,,99991231
20,823,E,0,Cytotoxic Product,,,0,,,,99991231
20,824,E,0,Iingredients in precursors,,,0,,,,99991231
20,827,E,0,Hazardous Product,,,0,,,,99991231
20,828,E,0,Launch Date,,,0,,,,99991231
20,829,E,0,Brand Company,,,0,,,,99991231
20,830,E,0,Register ECCnet (Unit),,,0,,,,99991231
20,831,E,0,Register ECCnet (Inner),,,0,,,,99991231
20,832,E,0,Register ECCnet (Box),,,0,,,,99991231
20,833,E,0,Register ECCnet (Images),,,0,,,,99991231
20,834,E,0,Classification ECCnet,,,0,,,,99991231
20,835,E,0,Classification World,,,0,,,,99991231
20,836,E,0,Pallet Height,,,0,,,,99991231
20,837,E,0,Pallet Lenght,,,0,,,,99991231
20,838,E,0,Pallet Width,,,0,,,,99991231
20,839,E,0,Pallet Weight,,,0,,,,99991231
20,840,E,0,Pallet Row,,,0,,,,99991231
20,841,E,0,Pallet Box / Row,,,0,,,,99991231
20,842,E,0,Box Height,,,0,,,,99991231
20,843,E,0,Box Length,,,0,,,,99991231
20,844,E,0,Box Width,,,0,,,,99991231
20,845,E,0,Box Weight,,,0,,,,99991231
20,846,E,0,Inner Height,,,0,,,,99991231
20,847,E,0,Inner Lenght,,,0,,,,99991231
20,848,E,0,Inner Width,,,0,,,,99991231
20,849,E,0,Inner Weight,,,0,,,,99991231
20,850,E,0,Unit Height,,,0,,,,99991231
20,851,E,0,Unit Length,,,0,,,,99991231
20,852,E,0,Unit Width,,,0,,,,99991231
20,853,E,0,Unit Weight,,,0,,,,99991231
20,854,E,0,Group Description,,,0,,,,99991231
20,857,E,0,SCADA/HMI/OEM TAG ID (P&ID),,,0,,,,99991231
20,858,E,0,Operational Range,,,0,,,,99991231
20,860,E,0,MATERIAL STORAGE TEMPERATURE,,,0,,,,99991231
20,863,E,0,IQ  Date,,,0,,,,99991231
20,864,E,0,PQ Date,,,0,,,,99991231
20,865,E,0,OQ Date,,,0,,,,99991231
20,866,E,0,Number of a Manufacturer,,,0,,,,99991231
20,867,E,0,Account Number of Supplier,,,0,,,,99991231
20,869,E,0,Filter Type,,,0,,,,99991231
20,870,E,0,FILTER_SIZE,,,0,,,,99991231
20,875,E,0,Marquage side 1 - French,,,0,,,,99991231
20,876,E,0,Marquage side 2 - French,,,0,,,,99991231
20,877,E,0,Strength_2,,,0,,,,99991231
20,9999999407,S,0,Clase de valoración,Valorac.,Forma,0,,,,99991231
20,9999999408,S,0,Almacén,Almacén,Población,0,,,,99991231
20,9999999410,S,0,Días carencia lote solicitados,Soli-,citados,0,,,,99991231
20,9999999411,S,0,Fe.puesta disposición material,Puesta a disposición,de material,0,,,,99991231
20,9999999413,S,0,Determinac.stocks: Prioridad,FT,Prioridad,0,,,,99991231
20,9999999400,S,0,"Fe.vencimiento, fe.caducidad",Fecha de vencimiento,FePrefCo,0,,,,99991231
20,9999999405,S,0,Estado del lote,Libre/,No libre,0,,,,99991231
20,9999999409,S,0,Fecha inspec.siguiente de lote,Siguiente,Fecha inspección,0,,,,99991231
20,9999999412,S,0,Tmpo.rest.hst.venc.solic.en %,Tmpo.rest.hst.venc.,en un %,0,,,,99991231
20,9999999414,S,0,Decisión de empleo,Decisión de,empleo,0,,,,99991231
20,77,E,0,ZPPPI_LONG_TEXT,ZPPPI_LONG_TEXT,ZPPPI_LONG_TEXT,0,,,,99991231
20,9999999594,E,0,PPPI_PARAMETER_NAME,PPPI_PARAMETER_NAME,PPPI_PARAMETER_NAME,0,,,,99991231
20,9999999673,E,0,PPPI_SHORT_TEXT,PPPI_SHORT_TEXT,PPPI_SHORT_TEXT,0,,,,99991231
20,9999999401,E,0,Availability Date,Availability,Date,0,,,,99991231
20,9999999402,E,0,Batch Determin. Delivery Date,Delivery Date,Batch Determination,0,,,,99991231
20,9999999403,E,0,Remaining Shelf Life for Batch,Rem.,Life,0,,,,99991231
20,9999999407,E,0,Value Assignment Type,Value Assignment,Type,0,,,,99991231
20,9999999408,E,0,Storage Location,Storage,Location,0,,,,99991231
20,9999999410,E,0,Waiting Period of a Batch,Waiting Period,Waiting Period,0,,,,99991231
20,9999999411,E,0,Material Availability Date,Material,Availability,0,,,,99991231
20,9999999413,E,0,Stock Determination: Priority,SD,Priority,0,,,,99991231
20,9999999414,E,0,Usage Decision,Usage,Decision,0,,,,99991231
20,9999999400,E,0,"Expiration date, shelf life",Expiration date,Exp date,0,,,,99991231
20,9999999405,E,0,Status of Batch,Released/,Not Released,0,,,,99991231
20,9999999406,E,0,Deletion Ind. for Batches,D,I,0,,,,99991231
20,9999999409,E,0,Next Insp. Date for Batch,Next,Inspection Date,0,,,,99991231
20,9999999412,E,0,Req. Remaining Runtme in Proc.,Remaining Runtime,in %,0,,,,99991231
20,9999999402,D,0,Lieferdatum Chargenfindung,LF-Datum,Chfdg.,0,,,,99991231
20,9999999406,D,0,Löschvormerkung für Chargen,L,ö,0,,,,99991231
20,9999999408,D,0,Lagerort,Lager,ort,0,,,,99991231
20,9999999411,D,0,Materialbereitstellungsdatum,Materialbe,reitstellu,0,,,,99991231
20,9999999400,D,0,"Verfallsdatum, Mindesthaltbark",VF-Datum,MH-Datum,0,,,,99991231
20,9999999401,D,0,Verfügbarkeitsdatum,Verfügbar-,keitsdatum,0,,,,99991231
20,9999999403,D,0,Geforderte Restlaufzeit Charge,Rest-,lauf,0,,,,99991231
20,9999999405,D,0,Zustand der Charge,frei/,nicht frei,0,,,,99991231
20,9999999407,D,0,Bewertungsart,Bewertungs,art,0,,,,99991231
20,9999999409,D,0,Nächstes Prüfdatum der Charge,Nächstes,Prüfdatum,0,,,,99991231
20,9999999410,D,0,Geforderte Karenztage Charge,Gefor,derte,0,,,,99991231
20,9999999412,D,0,Geford. Restlaufzeit in Proz.,Restlaufzeit,in %,0,,,,99991231
20,9999999413,D,0,Bestandsfindung: Priorität,BF,Prio,0,,,,99991231
20,9999999414,D,0,Verwendungsentscheid,Verwendungs-,entscheid,0,,,,99991231
20,893,E,0,Plant_PK,,,0,,,,99991231
20,885,E,0,Brand Name,,,0,,,,99991231
20,886,E,0,Color - French,,,0,,,,99991231
20,887,E,0,Shape - French,,,0,,,,99991231
20,889,E,0,Flavour,,,0,,,,99991231
20,890,E,0,Flavour French,,,0,,,,99991231
20,891,E,0,Indications,,,0,,,,99991231
20,892,E,0,Indications French,,,0,,,,99991231
20,9999999416,E,0,Material for Original Batch,,,0,,,,99991231
20,9999999417,E,0,Plant from Original Batch,,,0,,,,99991231
20,9999999418,E,0,Original Batch,,,0,,,,99991231
20,9999999420,E,0,Max Shelf-Life/Shlf-Lfe in Sec,,,0,,,,99991231
20,9999999421,E,0,Reference Time Stamp of Batch,,,0,,,,99991231
20,9999999422,E,0,Date when Batch Was Produced,,,0,,,,99991231
20,9999999424,E,0,Suitable for Customer,,,0,,,,99991231
20,9999999428,E,0,Region of Origin of Material,,,0,,,,99991231
20,9999999429,E,0,Vendor Batch Number,,,0,,,,99991231
20,9999999430,E,0,Vendor Account Number,,,0,,,,99991231
20,9999999431,E,0,Date for Unrestricted Use 1,,,0,,,,99991231
20,9999999432,E,0,Date for Unrestricted Use 2,,,0,,,,99991231
20,9999999433,E,0,Date for Unrestricted Use 3,,,0,,,,99991231
20,9999999434,E,0,Date for Unrestricted Use 4,,,0,,,,99991231
20,9999999435,E,0,Date for Unrestricted Use 5,,,0,,,,99991231
20,9999999436,E,0,Date for Unrestricted Use 6,,,0,,,,99991231
20,9999999437,E,0,Date of Last Goods Receipt,,,0,,,,99991231
20,9999999438,E,0,Material Group Export,,,0,,,,99991231
20,9999999439,E,0,Comp.Op. for Remaining Runtime,,,0,,,,99991231
20,9999999423,E,0,Country/Region of Origin,,,0,,,,99991231
20,9999999426,E,0,Suitable for Country/Region,,,0,,,,99991231
20,9999999419,E,0,Min Shelf-Life/Maturity in Sec,,,0,,,,99991231
20,9999999425,E,0,Not Suitable for Customer,,,0,,,,99991231
20,9999999427,E,0,Not Suitable for Ctry/Region,,,0,,,,99991231
20,9999999421,D,0,Referenzzeitstempel der Charge,,,0,,,,99991231
20,9999999417,D,0,Werk der Ursprungscharge,,,0,,,,99991231
20,9999999418,D,0,Ursprungscharge,,,0,,,,99991231
20,9999999424,D,0,zulässig für Kunde,,,0,,,,99991231
20,9999999428,I,0,Regione di prov. del materiale,,,0,,,,99991231
20,9999999426,S,0,permitido para país/región,,,0,,,,99991231
20,9999999416,S,0,Material para lote original,,,0,,,,99991231
20,9999999417,S,0,Centro de lote de origen,,,0,,,,99991231
20,9999999418,S,0,Lote original,,,0,,,,99991231
20,9999999421,S,0,Cronomarcador referencia lote,,,0,,,,99991231
20,9999999422,S,0,Fecha de creación del lote,,,0,,,,99991231
20,9999999425,S,0,No permitido para el cliente,,,0,,,,99991231
20,9999999404,S,0,Ctd.clasificable determ.lotes,Cantidad,,0,,,,99991231
20,9999999415,S,0,Índice calidad decisión empleo,Índice de calidad,,0,,,,99991231
20,9999999404,I,0,Qtà classific. - det. partita,Quantità,,0,,,,99991231
20,9999999415,I,0,Indice qualità da DI,InQ,,0,,,,99991231
20,9999999404,D,0,Sortierbare Menge Chargenfdg.,Menge,,0,,,,99991231
20,9999999404,E,0,Batch Determination Sort. Qty,Quantity,,0,,,,99991231
20,9999999415,D,0,Qualitätskennzahl aus VE,QKz,,0,,,,99991231
20,9999999415,E,0,Quality Score Usage Decision,QSc,,0,,,,99991231
20,9999999404,F,0,Quantité triable déterm. lots,Quantité,,0,,,,99991231
20,9999999415,F,0,Ratio qualité décision utilis.,RaQ,,0,,,,99991231
20,9999999400,F,0,"Date expirat., durée conserv.",Date d'expiration,Dte cons,0,,,,99991231
20,9999999401,F,0,Date de disponibilité,Date de,disponibilité,0,,,,99991231
20,9999999402,F,0,Date livraison Détermin. lots,Date de livraison,DétLots,0,,,,99991231
20,9999999403,F,0,Durée résiduelle néc. Lot,Durée,résiduelle,0,,,,99991231
20,9999999405,F,0,État du lot,validé/,non validé,0,,,,99991231
20,9999999406,F,0,Témoin de suppr. pour lots,S,pr.,0,,,,99991231
20,9999999407,F,0,Groupe de valorisation,Catég.,valor.,0,,,,99991231
20,9999999408,F,0,Magasin,Magasin,Ville,0,,,,99991231
20,9999999409,F,0,Date suiv. de contrôle du lot,Suivant(e),Date du contrôle,0,,,,99991231
20,9999999410,F,0,Période de carence exigée lot,exig,és,0,,,,99991231
20,9999999411,F,0,Date mise à dispos. article,Mise à dis-,pos. art.,0,,,,99991231
20,9999999412,F,0,Durée résiduelle exigée en %,Durée résiduelle,en %,0,,,,99991231
20,9999999413,F,0,Détermin. stocks : priorité,BF,Priorité,0,,,,99991231
20,9999999414,F,0,Décision d'utilisation,Décision,d'utilisation,0,,,,99991231
20,9999999408,I,0,Magazzino,Magazzino,---,0,,,,99991231
20,9999999401,I,0,Data disponibilità,Data,disponibilità,0,,,,99991231
20,9999999402,I,0,Data consegna - det. partite,Data cons.,Det. partita,0,,,,99991231
20,9999999403,I,0,Val. res. richiesta partita,Validità,res.,0,,,,99991231
20,9999999407,I,0,Tipo di valutazione,Valutaz.,---,0,,,,99991231
20,9999999410,I,0,Giorni carenza richiesti-part.,Richiesti,---,0,,,,99991231
20,9999999413,I,0,Det. stock: priorità,BF,Priorità,0,,,,99991231
20,9999999400,I,0,"Data scadenza, validità",Data scad.,Data valid.,0,,,,99991231
20,9999999405,I,0,Stato della partita,ril./,non ril.,0,,,,99991231
20,9999999406,I,0,Indic. di canc. per partite,C,A,0,,,,99991231
20,9999999409,I,0,Data succ. controllo partita,Successivo,Data controllo,0,,,,99991231
20,9999999411,I,0,Data di approntamento mat.,Appront.,materiale,0,,,,99991231
20,9999999412,I,0,Val. residua rich. in perc.,Durata residua,in %,0,,,,99991231
20,9999999414,I,0,Decisione d'impiego,Decisione,impiego,0,,,,99991231
20,9999999401,S,0,Fecha de disponibilidad,Fecha de,disponibilidad,0,,,,99991231
20,9999999402,S,0,Fecha entrega determin.lotes,Fecha de entrega,Det.lotes,0,,,,99991231
20,9999999403,S,0,Intérv.caducid.lote demandado,Intérv.,caduc.,0,,,,99991231
20,9999999406,S,0,Petición borrado para lotes,B,Borr.,0,,,,99991231
