MANDT,OBJTY,OBJID,BEGDA,ENDDA,AEDAT_GRND,AENAM_GRND,AEDAT_VORA,AENAM_VORA,AEDAT_TERM,AENAM_TERM,AEDAT_TECH,AENAM_TECH,ARBPL,WERKS,VERWE,LVORM,PAR01,PAR02,PAR03,PAR04,PAR05,PAR06,PARU1,PARU2,PARU3,PARU4,PARU5,PARU6,PARV1,PARV2,PARV3,PARV4,PARV5,PARV6,PLANV,STAND,VERAN,VGWTS,VGM01,VGM02,VGM03,VGM04,VGM05,VGM06,XDEFA,XKOST,XSPRR,XTERM,ZGR01,ZGR02,ZGR03,ZGR04,ZGR05,ZGR06,KTSCH,LOANZ,LOART,LOGRP,QUALF,RASCH,STEUS,VGE01,VGE02,VGE03,VGE04,VGE05,VGE06,KTSCH_REF,LOART_REF,LOANZ_REF,LOGRP_REF,QUALF_REF,RASCH_REF,STEUS_REF,FORT1,FORT2,FORT3,KAPID,ORTGR,ZEIWN,ZWNOR,ZEIWM,ZWMIN,FORMR,MATYP,CPLGR,SORTB,MTRVP,MTMVP,MTPVP,RSANZ,PDEST,HROID,FORTN,ZGR01_REF,ZGR02_REF,ZGR03_REF,ZGR04_REF,ZGR05_REF,ZGR06_REF,STEUS_C,STEUS_I,STEUS_N,STEUS_Q,RUZUS,RSANZ_REF,HR,PRVBE,SUBSYS,BDEGR,RGEKZ,HRTYP,SLWID,LIFNR,SLWID_REF,LIFNR_REF,VGARB,VGDIM,HRPLVAR,VGDAU,STOBJ,RESGR,LGORT_RES,MIXMAT,ISTBED_KZ,SRTYPE,SNTYPE,PPSKZ,LASTCHANGE_DATETIME,EBELN_EXT,EBELP_EXT,LIFNR_EXT,EKGRP_EXT,EKORG_EXT,MGHNO_EXT,MATKL_EXT,S_LABOR_TRACK
"020","A","10000003","20040817","99991231","20040827","DPURNAYE","20040817","DVAISHAMPAYA","20040817","DVAISHAMPAYA","00000000","","GRANUL","EP01","0008","","","","","","","","","","","","","",0.000,0.000,0.000,0.000,0.000,0.000,"009","","001","EM01","","","","","","","","","","","","","","","","","",0,"","","","","PI01","STD","STD","STD","","","","","","","","","","","","","","10000002","","",0.000,"",0.000,"","","","",0.0,0.0,0.0,"000","","00000000","","X","X","X","X","X","X","","","","","","","","","","","","","","","","","","","","","","","","","","","","",0.0000000,"","00000","","","","","",""
"020","A","10000004","20040817","99991231","20040827","DPURNAYE","20040817","DVAISHAMPAYA","20040817","DVAISHAMPAYA","00000000","","DRYING","EP01","0008","","","","","","","","","","","","","",0.000,0.000,0.000,0.000,0.000,0.000,"009","","001","EM01","","","","","","","","","","","","","","","","","",0,"","","","","PI01","STD","STD","STD","","","","","","","","","","","","","","10000003","","",0.000,"",0.000,"","","","",0.0,0.0,0.0,"000","","00000000","","X","X","X","X","X","X","","","","","","","","","","","","","","","","","","","","","","","","","","","","",0.0000000,"","00000","","","","","",""
"020","A","10000005","20040817","99991231","20040827","DPURNAYE","20040817","DVAISHAMPAYA","20040817","DVAISHAMPAYA","00000000","","COMPRESS","EP01","0008","","","","","","","","","","","","","",0.000,0.000,0.000,0.000,0.000,0.000,"009","","001","EM01","","","","","","","","","","","","","","","","","",0,"","","","","PI01","STD","STD","STD","","","","","","","","","","","","","","10000004","","",0.000,"",0.000,"","","","",0.0,0.0,0.0,"000","","00000000","","X","X","X","X","X","X","","","","","","","","","","","","","","","","","","","","","","","","","","","","",0.0000000,"","00000","","","","","",""
"020","A","10000006","20040817","99991231","20040827","DPURNAYE","20040817","DVAISHAMPAYA","20040817","DVAISHAMPAYA","00000000","","COATING","EP01","0008","","","","","","","","","","","","","",0.000,0.000,0.000,0.000,0.000,0.000,"009","","001","EM01","","","","","","","","","","","","","","","","","",0,"","","","","PI01","STD","STD","STD","","","","","","","","","","","","","","10000005","","",0.000,"",0.000,"","","","",0.0,0.0,0.0,"000","","00000000","","X","X","X","X","X","X","","","","","","","","","","","","","","","","","","","","","","","","","","","","",0.0000000,"","00000","","","","","",""
"020","A","10000007","20040817","99991231","20040827","DPURNAYE","20040817","DVAISHAMPAYA","20040817","DVAISHAMPAYA","00000000","","INSPECT","EP01","0008","","","","","","","","","","","","","",0.000,0.000,0.000,0.000,0.000,0.000,"009","","001","EM01","","","","","","","","","","","","","","","","","",0,"","","","","PI01","STD","STD","STD","","","","","","","","","","","","","","10000006","","",0.000,"",0.000,"","","","",0.0,0.0,0.0,"000","","00000000","","X","X","X","X","X","X","","","","","","","","","","","","","","","","","","","","","","","","","","","","",0.0000000,"","00000","","","","","",""
"020","A","10000008","20040817","99991231","20040827","DPURNAYE","20040817","DVAISHAMPAYA","20040817","DVAISHAMPAYA","00000000","","STRIP_PK","EP01","0008","","","","","","","","","","","","","",0.000,0.000,0.000,0.000,0.000,0.000,"009","","001","EM01","","","","","","","","","","","","","","","","","",0,"","","","","PI01","STD","STD","STD","","","","","","","","","","","","","","10000007","","",0.000,"",0.000,"","","","",0.0,0.0,0.0,"000","","00000000","","X","X","X","X","X","X","","","","","","","","","","","","","","","","","","","","","","","","","","","","",0.0000000,"","00000","","","","","",""
"020","A","10000009","20040817","99991231","20040827","DPURNAYE","20040817","DVAISHAMPAYA","20040817","DVAISHAMPAYA","00000000","","BLIST_PK","EP01","0008","","","","","","","","","","","","","",0.000,0.000,0.000,0.000,0.000,0.000,"009","","001","EM01","","","","","","","","","","","","","","","","","",0,"","","","","PI01","STD","STD","STD","","","","","","","","","","","","","","10000008","","",0.000,"",0.000,"","","","",0.0,0.0,0.0,"000","","00000000","","X","X","X","X","X","X","","","","","","","","","","","","","","","","","","","","","","","","","","","","",0.0000000,"","00000","","","","","",""
"020","A","10000010","20040817","99991231","20040827","DPURNAYE","20040817","DVAISHAMPAYA","20040817","DVAISHAMPAYA","00000000","","BTL_PK","EP01","0008","","","","","","","","","","","","","",0.000,0.000,0.000,0.000,0.000,0.000,"009","","001","EM01","","","","","","","","","","","","","","","","","",0,"","","","","PI01","STD","STD","STD","","","","","","","","","","","","","","10000009","","",0.000,"",0.000,"","","","",0.0,0.0,0.0,"000","","00000000","","X","X","X","X","X","X","","","","","","","","","","","","","","","","","","","","","","","","","","","","",0.0000000,"","00000","","","","","",""
"020","A","10000011","20040817","99991231","20040827","DPURNAYE","20040817","DVAISHAMPAYA","20040817","DVAISHAMPAYA","00000000","","SEC_PKG","EP01","0008","","","","","","","","","","","","","",0.000,0.000,0.000,0.000,0.000,0.000,"009","","001","EM01","","","","","","","","","","","","","","","","","",0,"","","","","PI01","STD","STD","STD","","","","","","","","","","","","","","10000010","","",0.000,"",0.000,"","","","",0.0,0.0,0.0,"000","","00000000","","X","X","X","X","X","X","","","","","","","","","","","","","","","","","","","","","","","","","","","","",0.0000000,"","00000","","","","","",""
"020","A","10000012","20040817","99991231","20040827","DPURNAYE","20040817","DVAISHAMPAYA","20040817","DVAISHAMPAYA","00000000","","GRANUL","EP04","0008","","","","","","","","","","","","","",0.000,0.000,0.000,0.000,0.000,0.000,"009","","001","EM01","","","","","","","","","","","","","","","","","",0,"","","","","PI01","STD","STD","STD","","","","","","","","","","","","","","10000011","","",0.000,"",0.000,"","","","",0.0,0.0,0.0,"000","","00000000","","X","X","X","X","X","X","","","","","","","","","","","","","","","","","","","","","","","","","","","","",0.0000000,"","00000","","","","","",""
