MANDT,BANFN,BNFPO,BSART,BSTYP,BSAKZ,LOEKZ,STATU,ESTKZ,FRGKZ,FRGZU,FRGST,EKGRP,ERNAM,ERDAT,AFNAM,TXZ01,MATNR,EMATN,WERKS,LGORT,BEDNR,MATKL,RESWK,MENGE,MEINS,BUMNG,BADAT,LPEIN,LFDAT,FRGDT,WEBAZ,PREIS,PEINH,PSTYP,KNTTP,KZVBR,KFLAG,VRTKZ,TWRKZ,WEPOS,WEUNB,REPOS,LIFNR,FLIEF,EKORG,VRTYP,KONNR,KTPNR,INFNR,ZUGBA,QUNUM,QUPOS,DISPO,SERNR,BVDAT,BATOL,BVDRK,EBELN,EBELP,BEDAT,BSMNG,LBLNI,BWTAR,XOBLR,EBAKZ,RSNUM,SOBKZ,ARSNR,ARSPS,FIXKZ,BMEIN,REVLV,VORAB,PACKNO,KANBA,BPUEB,CUOBJ,FRGGR,FRGRL,AKTNR,CHARG,UMSOK,VERID,FIPOS,FISTL,GEBER,KZKFG,SATNR,MNG02,DAT01,ATTYP,ADRNR,ADRN2,KUNNR,EMLIF,LBLKZ,KZBWS,WAERS,IDNLF,GSFRG,MPROF,KZFME,SPRAS,TECHS,MFRPN,MFRNR,EMNFR,FORDN,FORDP,PLIFZ,BERID,UZEIT,FKBER,GRANT_NBR,MEMORY,BANPR,RLWRT,BLCKD,REVNO,BLCKT,BESWK,EPROFILE,EPREFDOC,EPREFITM,GMMNG,WRTKZ,RESLO,KBLNR,KBLPOS,PRIO_URG,PRIO_REQ,MEMORYTYPE,ANZSN,MHDRZ,IPRKZ,NODISP,SRM_CONTRACT_ID,SRM_CONTRACT_ITM,BUDGET_PD,STORENETWORKID,STORESUPPLIERID,FMFGUS_KEY,ADVCODE,STACODE,BANFN_CS,BNFPO_CS,ITEM_CS,BSMNG_SND,IUID_RELEVANT,SGT_SCAT,SGT_RCAT,ELDAT,DUMMY_EBAN_INCL_EEW_PS,CREATIONDATE,CREATIONTIME,PRODUCTTYPE,SERVICEPERFORMER,ISEOPBLOCKED,EXT_REV_TMSTMP,STARTDATE,ENDDATE,EXTMATERIALFORPURG,EXTFIXEDSUPPLIERFORPURG,EXTDESIREDSUPPLIERFORPURG,EXTCONTRACTFORPURG,EXTCONTRACTITEMFORPURG,EXTINFORECORDFORPURG,EXTPLANTFORPURG,EXTCOMPANYCODEFORPURG,EXTPURGORGFORPURG,EXTSOURCESYSTEM,LASTCHANGEDATETIME,NO_MARD_DATA,ADMOI,ADPRI,LPRIO,ADACN,ADDNS,SERRU,DISUB_SOBKZ,DISUB_PSPNR,DISUB_KUNNR,DISUB_VBELN,DISUB_POSNR,DISUB_OWNER,FSH_VAS_REL,FSH_VAS_PRNT_ID,FSH_TRANSACTION,FSH_ITEM_GROUP,FSH_ITEM,SC_SR_ITEM_KEY,SC_CATALOGID,SC_CATALOGITEM,SC_REQUESTOR,SC_AUTHOR,WRF_CHARSTC1,WRF_CHARSTC2,WRF_CHARSTC3,ZZDIS_DATE,ZZARR_DATE,ZZART_DATE,ZZ_MARKET,ZZ_END_USE,LIMIT_CONSUMPTION_VALUE,EXPERT_MODE,CENTRAL_PURREQN_PROC,SPE_CRM_REF_SO,SPE_CRM_REF_ITEM,INDELEGATEAPPROVAL,EXTSTORAGELOCATIONFORPURG,EXT_BE_SOURCE_SYS,EXT_BE_PRCHANGEINDICATOR,EXTDOCTYPEFORPURG,ISCRREPLICATIONBEFOREAPPROVAL,MMPUR_PR_CEN_REQN_APP_RPLD_PR,EXTAPPROVALSTATUS,STAGINGFLDEXTAPPROVALSTATUS,PURCHASEREQNITEMUNIQUEID,ISONBEHALFCART,SDM_VERSION,SAKTO,KOSTL,EXPECTED_VALUE,LIMIT_AMOUNT,CONTRACT_FOR_LIMIT,DELIVERYADDRTYPE,MWSKZ,PFMTRANSDATAFOOTPRINTUUID,HASTRADECOMPLIANCEISSUE,PURREQNDESCRIPTION,ISOUTLINE,PARENT_ITEM_NO,OUTLINE_TYPE,EXLIN,EXSNR,FLDLOGSSUPPLYPROCESS,FLDLOGSDELIVISHELDONSHORE,FLDLOGSVERSION,FSH_SEASON_YEAR,FSH_SEASON,FSH_COLLECTION,FSH_THEME
"020","7200008495","00060","MISC","B","","X","N","R","X","","R5","OT","PRCREATE","20121015","V patil","Conductivity calibration solution","000000000950000001","","EP04","","ENGG","MISC-06","",1.000,"NO",0.000,"20121015","1","20121017","20121017",0,1000.00,1,"0","X","V","","","","X","","X","","","POED","","","00000","","","","000","","","00000000",0,0,"","00000","00000000",0.000,"","","","","0000000000","","0000000000","0000","","","","","0000000000","","","000000000000000000","03","X","","","","","","","","","",0.000,"00000000","","","","","","","","INR","","","","","E","","","","","","00000",0,"EP04","000000","","","","03",0.00,"","","","","","","00000",0.000,"","","","000","00","000","",0,0,"","","","0000000000","","","","","","","","00000","",0.000,"","","","00000000","","00000000","000000","","","",0.0000000,"00000000","00000000","","","","","00000","","","","","",0.0000000,"","","","00","","","","","00000000","","","000000","","","00000","","00000","00000",0,"","","","","","","","00000000","00000000","00000000","","",0.00,"","","","","","","","","","","","","","720000849500060","","03","","",0.00,0.00,"","","",NULL,"","","","00000","","","00000","","","","","","",""
"020","7200009681","00010","MISC","B","","X","N","R","X","","R5","OT","PRCREATE","20121109","V Patil","Door Fixing- 850 x 2250","000000000950000001","","EP04","","ENGG","MISC-06","",1.000,"NO",0.000,"20121108","1","20121110","20121110",0,1500.00,1,"0","X","V","","","","X","","X","","","POED","","","00000","","","","000","","","00000000",0,0,"","00000","00000000",0.000,"","","","","0000000000","","0000000000","0000","","","","","0000000000","","","000000000000000000","03","X","","","","","","","","","",0.000,"00000000","","","","","","","","INR","","","","","E","","","","","","00000",0,"EP04","000000","","","","03",0.00,"","","","","","","00000",0.000,"","","","000","00","000","",0,0,"","","","0000000000","","","","","","","","00000","",0.000,"","","","00000000","","00000000","000000","","","",0.0000000,"00000000","00000000","","","","","00000","","","","","",0.0000000,"","","","00","","","","","00000000","","","000000","","","00000","","00000","00000",0,"","","","","","","","00000000","00000000","00000000","","",0.00,"","","","","","","","","","","","","","720000968100010","","03","","",0.00,0.00,"","","",NULL,"","","","00000","","","00000","","","","","","",""
"020","7200009681","00080","MISC","B","","X","N","R","X","","R5","OT","PRCREATE","20121109","V Patil","New stopper fixing","000000000950000001","","EP04","","ENGG","MISC-06","",1.000,"NO",0.000,"20121108","1","20121110","20121110",0,1500.00,1,"0","X","V","","","","X","","X","","","POED","","","00000","","","","000","","","00000000",0,0,"","00000","00000000",0.000,"","","","","0000000000","","0000000000","0000","","","","","0000000000","","","000000000000000000","03","X","","","","","","","","","",0.000,"00000000","","","","","","","","INR","","","","","E","","","","","","00000",0,"EP04","000000","","","","03",0.00,"","","","","","","00000",0.000,"","","","000","00","000","",0,0,"","","","0000000000","","","","","","","","00000","",0.000,"","","","00000000","","00000000","000000","","","",0.0000000,"00000000","00000000","","","","","00000","","","","","",0.0000000,"","","","00","","","","","00000000","","","000000","","","00000","","00000","00000",0,"","","","","","","","00000000","00000000","00000000","","",0.00,"","","","","","","","","","","","","","720000968100080","","03","","",0.00,0.00,"","","",NULL,"","","","00000","","","00000","","","","","","",""
"020","7200009681","00060","MISC","B","","X","N","R","X","","R5","OT","PRCREATE","20121109","V Patil","Partition fixing - 8"" x 8""","000000000950000001","","EP04","","ENGG","MISC-06","",1.000,"NO",0.000,"20121108","1","20121110","20121110",0,4000.00,1,"0","X","V","","","","X","","X","","","POED","","","00000","","","","000","","","00000000",0,0,"","00000","00000000",0.000,"","","","","0000000000","","0000000000","0000","","","","","0000000000","","","000000000000000000","03","X","","","","","","","","","",0.000,"00000000","","","","","","","","INR","","","","","E","","","","","","00000",0,"EP04","000000","","","","03",0.00,"","","","","","","00000",0.000,"","","","000","00","000","",0,0,"","","","0000000000","","","","","","","","00000","",0.000,"","","","00000000","","00000000","000000","","","",0.0000000,"00000000","00000000","","","","","00000","","","","","",0.0000000,"","","","00","","","","","00000000","","","000000","","","00000","","00000","00000",0,"","","","","","","","00000000","00000000","00000000","","",0.00,"","","","","","","","","","","","","","720000968100060","","03","","",0.00,0.00,"","","",NULL,"","","","00000","","","00000","","","","","","",""
"020","7200009681","00070","MISC","B","","X","N","R","X","","R5","OT","PRCREATE","20121109","V Patil","Partition fixing - 4"" x 4""","000000000950000001","","EP04","","ENGG","MISC-06","",1.000,"NO",0.000,"20121108","1","20121110","20121110",0,2500.00,1,"0","X","V","","","","X","","X","","","POED","","","00000","","","","000","","","00000000",0,0,"","00000","00000000",0.000,"","","","","0000000000","","0000000000","0000","","","","","0000000000","","","000000000000000000","03","X","","","","","","","","","",0.000,"00000000","","","","","","","","INR","","","","","E","","","","","","00000",0,"EP04","000000","","","","03",0.00,"","","","","","","00000",0.000,"","","","000","00","000","",0,0,"","","","0000000000","","","","","","","","00000","",0.000,"","","","00000000","","00000000","000000","","","",0.0000000,"00000000","00000000","","","","","00000","","","","","",0.0000000,"","","","00","","","","","00000000","","","000000","","","00000","","00000","00000",0,"","","","","","","","00000000","00000000","00000000","","",0.00,"","","","","","","","","","","","","","720000968100070","","03","","",0.00,0.00,"","","",NULL,"","","","00000","","","00000","","","","","","",""
"020","7200009681","00090","MISC","B","","X","N","R","X","","R5","OT","PRCREATE","20121109","V Patil","Window glass remove & fixing","000000000950000001","","EP04","","ENGG","MISC-06","",1.000,"NO",0.000,"20121108","1","20121110","20121110",0,1200.00,1,"0","X","V","","","","X","","X","","","POED","","","00000","","","","000","","","00000000",0,0,"","00000","00000000",0.000,"","","","","0000000000","","0000000000","0000","","","","","0000000000","","","000000000000000000","03","X","","","","","","","","","",0.000,"00000000","","","","","","","","INR","","","","","E","","","","","","00000",0,"EP04","000000","","","","03",0.00,"","","","","","","00000",0.000,"","","","000","00","000","",0,0,"","","","0000000000","","","","","","","","00000","",0.000,"","","","00000000","","00000000","000000","","","",0.0000000,"00000000","00000000","","","","","00000","","","","","",0.0000000,"","","","00","","","","","00000000","","","000000","","","00000","","00000","00000",0,"","","","","","","","00000000","00000000","00000000","","",0.00,"","","","","","","","","","","","","","720000968100090","","03","","",0.00,0.00,"","","",NULL,"","","","00000","","","00000","","","","","","",""
"020","7200009681","00100","MISC","B","","X","N","R","X","","R5","OT","PRCREATE","20121109","V Patil","Door removing and Fixing- 1080 x 2250","000000000950000001","","EP04","","ENGG","MISC-06","",1.000,"NO",0.000,"20121108","1","20121110","20121110",0,1700.00,1,"0","X","V","","","","X","","X","","","POED","","","00000","","","","000","","","00000000",0,0,"","00000","00000000",0.000,"","","","","0000000000","","0000000000","0000","","","","","0000000000","","","000000000000000000","03","X","","","","","","","","","",0.000,"00000000","","","","","","","","INR","","","","","E","","","","","","00000",0,"EP04","000000","","","","03",0.00,"","","","","","","00000",0.000,"","","","000","00","000","",0,0,"","","","0000000000","","","","","","","","00000","",0.000,"","","","00000000","","00000000","000000","","","",0.0000000,"00000000","00000000","","","","","00000","","","","","",0.0000000,"","","","00","","","","","00000000","","","000000","","","00000","","00000","00000",0,"","","","","","","","00000000","00000000","00000000","","",0.00,"","","","","","","","","","","","","","720000968100100","","03","","",0.00,0.00,"","","",NULL,"","","","00000","","","00000","","","","","","",""
"020","7200009712","00010","MISC","B","","X","N","R","X","","R6","OT","MDARWATKAR","20121108","","Dell Vostro 1440 Laptop","000000000950000001","","EP04","","","MISC-06","",1.000,"NO",0.000,"20121108","1","20121108","20121108",0,36000.00,1,"0","X","V","","","","X","","X","","","POED","","","00000","","","","000","","","00000000",0,0,"","00000","00000000",0.000,"","","","","0000000000","","0000000000","0000","","","","","0000000000","","","000000000000000000","03","X","","","","","","","","","",0.000,"00000000","","","","","","","","INR","","","","","E","","","","","","00000",0,"EP04","000000","","","","03",0.00,"","","","","","","00000",0.000,"","","","000","00","000","",0,0,"","","","0000000000","","","","","","","","00000","",0.000,"","","","00000000","","00000000","000000","","","",0.0000000,"00000000","00000000","","","","","00000","","","","","",0.0000000,"","","","00","","","","","00000000","","","000000","","","00000","","00000","00000",0,"","","","","","","","00000000","00000000","00000000","","",0.00,"","","","","","","","","","","","","","720000971200010","","03","","",0.00,0.00,"","","",NULL,"","","","00000","","","00000","","","","","","",""
"020","7200010352","00040","MISC","B","","X","N","R","X","","R5","OT","PRCREATE","20121128","URP","Argon gas, argon filling rods.","000000000950000001","","EP04","","ENGG","MISC-06","",1.000,"NO",0.000,"20121127","1","20121205","20121205",0,400.00,1,"0","X","V","","","","X","","X","","","POED","","","00000","","","","000","","","00000000",0,0,"","00000","00000000",0.000,"","","","","0000000000","","0000000000","0000","","","","","0000000000","","","000000000000000000","03","X","","","","","","","","","",0.000,"00000000","","","","","","","","INR","","","","","E","","","","","","00000",0,"EP04","000000","","","","03",0.00,"","","","","","","00000",0.000,"","","","000","00","000","",0,0,"","","","0000000000","","","","","","","","00000","",0.000,"","","","00000000","","00000000","000000","","","",0.0000000,"00000000","00000000","","","","","00000","","","","","",0.0000000,"","","","00","","","","","00000000","","","000000","","","00000","","00000","00000",0,"","","","","","","","00000000","00000000","00000000","","",0.00,"","","","","","","","","","","","","","720001035200040","","03","","",0.00,0.00,"","","",NULL,"","","","00000","","","00000","","","","","","",""
"020","7200010352","00050","MISC","B","","X","N","R","X","","R5","OT","PRCREATE","20121128","URP","Transport","000000000950000001","","EP04","","ENGG","MISC-06","",1.000,"NO",0.000,"20121127","1","20121205","20121205",0,300.00,1,"0","X","V","","","","X","","X","","","POED","","","00000","","","","000","","","00000000",0,0,"","00000","00000000",0.000,"","","","","0000000000","","0000000000","0000","","","","","0000000000","","","000000000000000000","03","X","","","","","","","","","",0.000,"00000000","","","","","","","","INR","","","","","E","","","","","","00000",0,"EP04","000000","","","","03",0.00,"","","","","","","00000",0.000,"","","","000","00","000","",0,0,"","","","0000000000","","","","","","","","00000","",0.000,"","","","00000000","","00000000","000000","","","",0.0000000,"00000000","00000000","","","","","00000","","","","","",0.0000000,"","","","00","","","","","00000000","","","000000","","","00000","","00000","00000",0,"","","","","","","","00000000","00000000","00000000","","",0.00,"","","","","","","","","","","","","","720001035200050","","03","","",0.00,0.00,"","","",NULL,"","","","00000","","","00000","","","","","","",""
