MANDT,BANFN,BNFPO,ZEBKN,LOEKZ,ERDAT,ERNAM,MENGE,VPROZ,SAKTO,GSBER,KOSTL,PROJN,VBELN,VBELP,VETEN,ANLN1,ANLN2,AUFNR,WEMPF,ABLAD,KOKRS,XBKST,XBAUF,XBPRO,KSTRG,PAOBJNR,PRCTR,PS_PSP_PNR,NPLNR,AUFPL,IMKEY,APLZL,VPTNR,FIPOS,RECID,FISTL,GEBER,FKBER,DABRZ,NETWR,AUFPL_ORD,APLZL_ORD,KBLNR,KBLPOS,LSTAR,PRZNR,GRANT_NBR,FM_SPLIT_BATCH,FM_SPLIT_BEGRU,BUDGET_PD,FMFGUS_KEY,EGRUP,VNAME,TCOBJNR,DATEOFSERVICE,NOTAXCORR,DIFFOPTRATE,HASDIFFOPTRATE,DUMMY_INCL_EEW_COBL,EXTWBSELEMENT,EXTVORNR,SERVICE_DOC_TYPE,SERVICE_DOC_ID,SERVICE_DOC_ITEM_ID
"020","7200001396","00010","01","","00000000","",1.000,0.0,"0000430240","EP00","0000002060","","","000000","0000","","","","","","EMCU","","","","","0000000000","0000002000","00000000","","0000000000","","00000000","","","","","","","00000000",0.00,"0000000000","00000000","","000","","","","000","","","","","","","00000000","",0.000000,"","","","","","","000000"
"020","7200001398","00010","01","","00000000","",1.000,0.0,"0000430240","EP00","0000002060","","","000000","0000","","","","","","EMCU","","","","","0000000000","0000002000","00000000","","0000000000","","00000000","","","","","","","00000000",0.00,"0000000000","00000000","","000","","","","000","","","","","","","00000000","",0.000000,"","","","","","","000000"
"020","7200001499","00010","01","","00000000","",1.000,0.0,"0000430240","EP00","0000002060","","","000000","0000","","","","","","EMCU","","","","","0000000000","0000002000","00000000","","0000000000","","00000000","","","","","","","00000000",0.00,"0000000000","00000000","","000","","","","000","","","","","","","00000000","",0.000000,"","","","","","","000000"
"020","7200001544","00010","01","","00000000","",1.000,0.0,"0000430240","EP00","0000002060","","","000000","0000","","","","","","EMCU","","","","","0000000000","0000002000","00000000","","0000000000","","00000000","","","","","","","00000000",0.00,"0000000000","00000000","","000","","","","000","","","","","","","00000000","",0.000000,"","","","","","","000000"
"020","7200001716","00010","01","","00000000","",1.000,0.0,"0000430240","EP00","0000002060","","","000000","0000","","","","","","EMCU","","","","","0000000000","0000002000","00000000","","0000000000","","00000000","","","","","","","00000000",0.00,"0000000000","00000000","","000","","","","000","","","","","","","00000000","",0.000000,"","","","","","","000000"
"020","7200001718","00010","01","","00000000","",1.000,0.0,"0000430240","EP00","0000002060","","","000000","0000","","","","","","EMCU","","","","","0000000000","0000002000","00000000","","0000000000","","00000000","","","","","","","00000000",0.00,"0000000000","00000000","","000","","","","000","","","","","","","00000000","",0.000000,"","","","","","","000000"
"020","7200001831","00010","01","","00000000","",1.000,0.0,"0000430240","EP00","0000002060","","","000000","0000","","","","","","EMCU","","","","","0000000000","0000002000","00000000","","0000000000","","00000000","","","","","","","00000000",0.00,"0000000000","00000000","","000","","","","000","","","","","","","00000000","",0.000000,"","","","","","","000000"
"020","7200002121","00010","01","","00000000","",1.000,0.0,"0000430240","EP00","0000002060","","","000000","0000","","","","","","EMCU","","","","","0000000000","0000002000","00000000","","0000000000","","00000000","","","","","","","00000000",0.00,"0000000000","00000000","","000","","","","000","","","","","","","00000000","",0.000000,"","","","","","","000000"
"020","7200002158","00010","01","","00000000","",1.000,0.0,"0000430240","EP00","0000002060","","","000000","0000","","","","","","EMCU","","","","","0000000000","0000002000","00000000","","0000000000","","00000000","","","","","","","00000000",0.00,"0000000000","00000000","","000","","","","000","","","","","","","00000000","",0.000000,"","","","","","","000000"
"020","7200002232","00010","01","","00000000","",1.000,0.0,"0000430240","EP00","0000002060","","","000000","0000","","","","","","EMCU","","","","","0000000000","0000002000","00000000","","0000000000","","00000000","","","","","","","00000000",0.00,"0000000000","00000000","","000","","","","000","","","","","","","00000000","",0.000000,"","","","","","","000000"
