MANDT,MATNR,WERKS,ZEORD,ERDAT,ERNAM,VDATU,BDATU,LIFNR,FLIFN,EBELN,EBELP,FEBEL,RESWK,FRESW,EMATN,NOTKZ,EKORG,VRTYP,EORTP,AUTET,MEINS,LOGSY,SOBKZ,SRM_CONTRACT_ID,SRM_CONTRACT_ITM,DUMMY_EORD_INCL_EEW_PS,LASTCHANGEDATETIME
"020","000000000110000096","EP04","00001","20070627","EP07QM02","20060501","20101231","0000300004","","","00000","","","","","","POED","","0","","","","","","0000000000","",0.0000000
"020","000000000110000237","EP04","00001","20070627","EP07QM02","20060501","20101231","0000300062","","","00000","","","","","","POED","","0","","","","","","0000000000","",0.0000000
"020","000000000110000398","EP04","00001","20070614","EP07QM02","20060401","20101231","0000100012","","","00000","","","","","","POED","","0","","","","","","0000000000","",0.0000000
"020","000000000110000399","EP04","00001","20070614","EP07QM02","20060401","20101231","0000300062","","","00000","","","","","","POED","","0","","","","","","0000000000","",0.0000000
"020","000000000110000400","EP04","00001","20070614","EP07QM02","20060401","20101231","0000100012","","","00000","","","","","","POED","","0","","","","","","0000000000","",0.0000000
"020","000000000110000411","EP04","00001","20070615","EP07QM02","20060401","20101231","0000100531","","","00000","","","","","","POED","","0","","","","","","0000000000","",0.0000000
"020","000000000110000440","EP04","00001","20070627","EP07QM02","20060501","20101231","0000300006","","","00000","","","","","","POED","","0","","","","","","0000000000","",0.0000000
"020","000000000110000492","EP04","00001","20070614","EP07QM02","20060401","20101231","0000100613","","","00000","","","","","","POED","","0","","","","","","0000000000","",0.0000000
"020","000000000110001212","EP04","00001","20070627","EP07QM02","20060501","20101231","0000100041","","","00000","","","","","","POED","","0","","","","","","0000000000","",0.0000000
"020","000000000110001262","EP04","00001","20070627","EP07QM02","20060501","20101231","0000100219","","","00000","","","","","","POED","","0","","","","","","0000000000","",0.0000000
