MANDT,KUNNR,VKORG,VTWEG,SPART,PARVW,PARZA,KUNN2,LIFNR,PERNR,PARNR,KNREF,DEFPA,ADRNR
"020","0000000868","ZVTS","SI","EM","WE","000","0000000868","","00000000","0000000000","","",""
"020","0000000869","ZVTS","SI","EM","WE","000","0000000869","","00000000","0000000000","","",""
"020","0000000870","ZVTS","SI","EM","WE","000","0000000870","","00000000","0000000000","","",""
"020","0000000871","ZVTS","SI","EM","WE","000","0000000871","","00000000","0000000000","","",""
"020","0000000872","ZVTS","SI","EM","WE","000","0000000872","","00000000","0000000000","","",""
"020","0000000873","ZVTS","SI","EM","WE","000","0000000873","","00000000","0000000000","","",""
"020","0000000874","ZVTS","SI","EM","WE","000","0000000874","","00000000","0000000000","","",""
"020","0000000875","ZVTS","SI","EM","WE","000","0000000875","","00000000","0000000000","","",""
"020","0000000876","ZVTS","SI","EM","WE","000","0000000876","","00000000","0000000000","","",""
"020","0000000877","ZVTS","SI","EM","WE","000","0000000877","","00000000","0000000000","","",""
