MANDT,LIFNR,LAND1,NAME1,NAME2,NAME3,NAME4,ORT01,ORT02,PFACH,PSTL2,PSTLZ,REGIO,SORTL,STRAS,ADRNR,MCOD1,MCOD2,MCOD3,ANRED,BAHNS,BBBNR,BBSNR,BEGRU,BRSCH,BUBKZ,DATLT,DTAMS,DTAWS,ERDAT,ERNAM,ESRNR,KONZS,KTOKK,KUNNR,LNRZA,LOEVM,SPERR,SPERM,SPRAS,STCD1,STCD2,STKZA,STKZU,TELBX,TELF1,TELF2,TELFX,TELTX,TELX1,XCPDK,XZEMP,VBUND,FISKN,STCEG,STKZN,SPERQ,GBORT,GBDAT,SEXKZ,KRAUS,REVDB,QSSYS,KTOCK,PFORT,WERKS,LTSNA,WERKR,PLKAL,DUEFL,TXJCD,SPERZ,SCACD,SFRGR,LZONE,XLFZA,DLGRP,FITYP,STCDT,REGSS,ACTSS,STCD3,STCD4,STCD5,STCD6,IPISP,TAXBS,PROFS,STGDL,EMNFR,LFURL,J_1KFREPRE,J_1KFTBUS,J_1KFTIND,CONFS,UPDAT,UPTIM,NODEL,QSSYSDAT,PODKZB,FISKU,STENR,CARRIER_CONF,MIN_COMP,TERM_LI,CRC_NUM,CVP_XBLCK,WEORA,RG,EXP,UF,RGDATE,RIC,RNE,RNEDATE,CNAE,LEGALNAT,CRTN,ICMSTAXPAY,INDTYP,TDT,COMSIZE,DECREGPC,ALLOWANCE_TYPE,PAYTRSN,LFA1_EEW_SUPP,J_SC_CAPITAL,J_SC_CURRENCY,ALC,PMT_OFFICE,PPA_RELEVANT,SAM_UE_ID,SAM_EFT_IND,PSOFG,PSOIS,PSON1,PSON2,PSON3,PSOVN,PSOTL,PSOHS,PSOST,BORGR_DATUN,BORGR_YEAUN,AU_CARRYING_ENT,AU_IND_UNDER_18,AU_PAYMENT_NOT_EXCEED_75,AU_WHOLLY_INP_TAXED,AU_PARTNER_WITHOUT_GAIN,AU_NOT_ENTITLED_ABN,AU_PAYMENT_EXEMPT,AU_PRIVATE_HOBBY,AU_DOMESTIC_NATURE,ADDR2_STREET,ADDR2_HOUSE_NUM,ADDR2_POST,ADDR2_CITY,ADDR2_COUNTRY,CATEG,PARTNER_NAME,PARTNER_UTR,STATUS,VFNUM,VFNID,CRN,FR_OCCUPATION,J_1IEXCD,J_1IEXRN,J_1IEXRG,J_1IEXDI,J_1IEXCO,J_1ICSTNO,J_1ILSTNO,J_1IPANNO,J_1IEXCIVE,J_1ISSIST,J_1IVTYP,J_1IVENCRE,AEDAT,USNAM,J_1ISERN,J_1IPANREF,J_1IPANVALDT,J_1I_CUSTOMS,J_1IDEDREF,VEN_CLASS,ENTPUB,ESCRIT,DVALSS,FRMCSS,CODCAE,AUSDIV,SC_CAPITAL,SC_CURRENCY,TRANSPORT_CHAIN,STAGING_TIME,SCHEDULING_TYPE,SUBMI_RELEVANT
"020","ZH4158","IN","Nilesh NandKumar Patil","","","","","","","","","MH","ZH4158","","0000067215","NILESH NANDKUMAR PATIL","","","","","0000000","00000","","","0","","","","20080509","SYSTDY00","","","EMPL","","","","","","E","","","","","","","","","","","","","","","","","","","00000000","","","00000000","","","","","","","","X","","","","","","","","","","","","","","","","","0","","","","","","","","","00000000","000000","","00000000","","","","","","","","","","","","","00000000","00000000000","","00000000","","0000","","","","","","","","","",0.00,"","","","","","","","","","","","","","","","00000000","","","","","","","","","","","","","","","","","","","","","","","","","","","","","","","","","","","","00000000","","","","00000000","","","","","","00000000","","00000","",0.00,"","",0,"",""
"020","ZH4170","IN","Santosh Krishnaji Pawar","","","","","","","","","MH","ZH4170","","0000067254","SANTOSH KRISHNAJI PAWAR","","","","","0000000","00000","","","0","","","","20080512","SYSTDY00","","","EMPL","","","","","","E","","","","","","","","","","","","","","","","","","","00000000","","","00000000","","","","","","","","X","","","","","","","","","","","","","","","","","0","","","","","","","","","00000000","000000","","00000000","","","","","","","","","","","","","00000000","00000000000","","00000000","","0000","","","","","","","","","",0.00,"","","","","","","","","","","","","","","","00000000","","","","","","","","","","","","","","","","","","","","","","","","","","","","","","","","","","","","00000000","","","","00000000","","","","","","00000000","","00000","",0.00,"","",0,"",""
"020","ZH4176","IN","Prakash Mahendra Tiwari","","","","","","","","","MH","ZH4176","","0000067275","PRAKASH MAHENDRA TIWARI","","","","","0000000","00000","","","0","","","","20080513","SYSTDY00","","","EMPL","","","","","","E","","","","","","","","","","","","","","","","","","","00000000","","","00000000","","","","","","","","X","","","","","","","","","","","","","","","","","0","","","","","","","","","00000000","000000","","00000000","","","","","","","","","","","","","00000000","00000000000","","00000000","","0000","","","","","","","","","",0.00,"","","","","","","","","","","","","","","","00000000","","","","","","","","","","","","","","","","","","","","","","","","","","","","","","","","","","","","00000000","","","","00000000","","","","","","00000000","","00000","",0.00,"","",0,"",""
"020","ZH4188","IN","Akhilesh Kumar Tiwari","","","","","","","","","MH","ZH4188","","0000067316","AKHILESH KUMAR TIWARI","","","","","0000000","00000","","","0","","","","20080514","SYSTDY00","","","EMPL","","","","","","E","","","","","","","","","","","","","","","","","","","00000000","","","00000000","","","","","","","","X","","","","","","","","","","","","","","","","","0","","","","","","","","","00000000","000000","","00000000","","","","","","","","","","","","","00000000","00000000000","","00000000","","0000","","","","","","","","","",0.00,"","","","","","","","","","","","","","","","00000000","","","","","","","","","","","","","","","","","","","","","","","","","","","","","","","","","","","","00000000","","","","00000000","","","","","","00000000","","00000","",0.00,"","",0,"",""
"020","ZH4191","IN","Krishnakant Gopal Ghag","","","","","","","","","MH","ZH4191","","0000067341","KRISHNAKANT GOPAL GHAG","","","","","0000000","00000","","","0","","","","20080516","SYSTDY00","","","EMPL","","","","","","E","","","","","","","","","","","","","","","","","","","00000000","","","00000000","","","","","","","","X","","","","","","","","","","","","","","","","","0","","","","","","","","","00000000","000000","","00000000","","","","","","","","","","","","","00000000","00000000000","","00000000","","0000","","","","","","","","","",0.00,"","","","","","","","","","","","","","","","00000000","","","","","","","","","","","","","","","","","","","","","","","","","","","","","","","","","","","","00000000","","","","00000000","","","","","","00000000","","00000","",0.00,"","",0,"",""
"020","ZH4192","IN","Rahul Rajnikant Bhagat","","","","","","","","","MH","ZH4192","","0000067335","RAHUL RAJNIKANT BHAGAT","","","","","0000000","00000","","","0","","","","20080516","SYSTDY00","","","EMPL","","","","","","E","","","","","","","","","","","","","","","","","","","00000000","","","00000000","","","","","","","","X","","","","","","","","","","","","","","","","","0","","","","","","","","","00000000","000000","","00000000","","","","","","","","","","","","","00000000","00000000000","","00000000","","0000","","","","","","","","","",0.00,"","","","","","","","","","","","","","","","00000000","","","","","","","","","","","","","","","","","","","","","","","","","","","","","","","","","","","","00000000","","","","00000000","","","","","","00000000","","00000","",0.00,"","",0,"",""
"020","ZH4201","IN","Pavan Ashok Walunj","","","","","","","","","MH","ZH4201","","0000067448","PAVAN ASHOK WALUNJ","","","","","0000000","00000","","","0","","","","20080523","SYSTDY00","","","EMPL","","","","","","E","","","","","","","","","","","","","","","","","","","00000000","","","00000000","","","","","","","","X","","","","","","","","","","","","","","","","","0","","","","","","","","","00000000","000000","","00000000","","","","","","","","","","","","","00000000","00000000000","","00000000","","0000","","","","","","","","","",0.00,"","","","","","","","","","","","","","","","00000000","","","","","","","","","","","","","","","","","","","","","","","","","","","","","","","","","","","","00000000","","","","00000000","","","","","","00000000","","00000","",0.00,"","",0,"",""
"020","ZH4206","IN","Ragini Singh","","","","","","","","","MH","ZH4206","","0000067459","RAGINI SINGH","","","","","0000000","00000","","","0","","","","20080523","SYSTDY00","","","EMPL","","","","","","E","","","","","","","","","","","","","","","","","","","00000000","","","00000000","","","","","","","","X","","","","","","","","","","","","","","","","","0","","","","","","","","","00000000","000000","","00000000","","","","","","","","","","","","","00000000","00000000000","","00000000","","0000","","","","","","","","","",0.00,"","","","","","","","","","","","","","","","00000000","","","","","","","","","","","","","","","","","","","","","","","","","","","","","","","","","","","","00000000","","","","00000000","","","","","","00000000","","00000","",0.00,"","",0,"",""
"020","ZH4209","IN","Avinash Ashokrao Gadhe","","","","","","","","","MH","ZH4209","","0000067418","AVINASH ASHOKRAO GADHE","","","","","0000000","00000","","","0","","","","20080523","SYSTDY00","","","EMPL","","","","","","E","","","","","","","","","","","","","","","","","","","00000000","","","00000000","","","","","","","","X","","","","","","","","","","","","","","","","","0","","","","","","","","","00000000","000000","","00000000","","","","","","","","","","","","","00000000","00000000000","","00000000","","0000","","","","","","","","","",0.00,"","","","","","","","","","","","","","","","00000000","","","","","","","","","","","","","","","","","","","","","","","","","","","","","","","","","","","","00000000","","","","00000000","","","","","","00000000","","00000","",0.00,"","",0,"",""
"020","ZH4230","IN","Mahesh B. Agate","","","","","","","","","MH","ZH4230","","0000067765","MAHESH B. AGATE","","","","","0000000","00000","","","0","","","","20080605","SYSTDY00","","","EMPL","","","","","","E","","","","","","","","","","","","","","","","","","","00000000","","","00000000","","","","","","","","X","","","","","","","","","","","","","","","","","0","","","","","","","","","00000000","000000","","00000000","","","","","","","","","","","","","00000000","00000000000","","00000000","","0000","","","","","","","","","",0.00,"","","","","","","","","","","","","","","","00000000","","","","","","","","","","","","","","","","","","","","","","","","","","","","","","","","","","","","00000000","","","","00000000","","","","","","00000000","","00000","",0.00,"","",0,"",""
