MANDT,VBELN,ERNAM,ERZET,ERDAT,BZIRK,VSTEL,VKORG,LFART,AUTLF,KZAZU,WADAT,LDDAT,TDDAT,LFDAT,KODAT,ABLAD,INCO1,INCO2,EXPKZ,ROUTE,FAKSK,LIFSK,VBTYP,KNFAK,TPQUA,TPGRP,LPRIO,VSBED,KUNNR,KUNAG,KDGRP,STZKL,STZZU,BTGEW,NTGEW,GEWEI,VOLUM,VOLEH,ANZPK,BEROT,LFUHR,GRULG,LSTEL,TRAGR,FKARV,FKDAT,PERFK,ROUTA,STAFO,KALSM,KNUMV,WAERK,VKBUR,VBEAK,ZUKRL,VERUR,COMMN,STWAE,STCUR,EXNUM,AENAM,AEDAT,LGNUM,LISPL,VKOIV,VTWIV,SPAIV,FKAIV,PIOIV,FKDIV,KUNIV,KKBER,KNKLI,GRUPP,SBGRP,CTLPC,CMWAE,AMTBL,BOLNR,LIFNR,TRATY,TRAID,CMFRE,CMNGV,XABLN,BLDAT,WADAT_IST,TRSPG,TPSID,LIFEX,TERNR,KALSM_CH,KLIEF,KALSP,KNUMP,NETWR,AULWE,WERKS,LCNUM,ABSSC,KOUHR,TDUHR,LDUHR,WAUHR,LGTOR,LGBZO,AKWAE,AKKUR,AKPRZ,PROLI,XBLNR,HANDLE,TSEGFL,TSEGTP,TZONIS,TZONRC,CONT_DG,VERURSYS,KZWAB,VLSTK,TCODE,VSART,TRMTYP,SDABW,VBUND,XWOFF,DIRTA,PRVBE,FOLAR,PODAT,POTIM,VGANZ,IMWRK,SPE_LOEKZ,SPE_LOC_SEQ,SPE_ACC_APP_STS,SPE_SHP_INF_STS,SPE_RET_CANC,SPE_WAUHR_IST,SPE_WAZONE_IST,SPE_REV_VLSTK,SPE_LE_SCENARIO,SPE_ORIG_SYS,SPE_CHNG_SYS,SPE_GEOROUTE,SPE_GEOROUTEIND,SPE_CARRIER_IND,SPE_GTS_REL,SPE_GTS_RT_CDE,SPE_REL_TMSTMP,SPE_UNIT_SYSTEM,SPE_INV_BFR_GI,SPE_QI_STATUS,SPE_RED_IND,SAKES,SPE_LIFEX_TYPE,SPE_TTYPE,SPE_PRO_NUMBER,LOC_GUID,SPE_BILLING_IND,PRINTER_PROFILE,MSR_ACTIVE,PRTNR,STGE_LOC_CHANGE,TM_CTRL_KEY,DLV_SPLIT_INITIA,DLV_VERSION,HANDOVERLOC,HANDOVERDATE,HANDOVERTIME,HANDOVERTZONE,/BEV1/LULEINH,/BEV1/RPFAESS,/BEV1/RPKIST,/BEV1/RPCONT,/BEV1/RPSONST,/BEV1/RPFLGNR,BORGR_GRP,_DATAAGING,GTS_VORPA,GTS_VORNU,GTS_EXPVZ,GTS_PORTI,ITM_EXPVZ,ITM_STGBE,ITM_KZGBE,ITM_VYGID,ITM_IEVER,ITM_STABE,ITM_KZABE,BESTK,CMPSC,CMPSD,CMPSI,CMPSJ,CMPSK,CMPS_CM,CMPS_TE,CMGST,FKIVK,FKSTK,GBSTK,HDALL,HDALS,KOQUK,KOSTK,LVSTK,PDSTK,PKSTK,SPE_TMPID,SPSTG,TRSTA,UVALL,UVALS,UVFAK,UVFAS,UVPAK,UVPAS,UVPIK,UVPIS,UVVLK,UVVLS,UVWAK,UVWAS,VESTK,WBSTK,UVK01,UVK02,UVK03,UVK04,UVK05,UVS01,UVS02,UVS03,UVS04,UVS05,/SAPMP/LBASK,INCOV,INCO2_L,INCO3_L,OID_EXTBOL,OID_MISCDL,DUMMY_DELIVERY_INCL_EEW_PS,IDT_CUR_EVTLOC,IDT_CUR_EVTQUA,IDT_CUR_EVTTST,IDT_CUR_ESTLOC,IDT_CUR_ESTQUA,IDT_CUR_ESTTST,IDT_CUR_WRKQUA,IDT_PRE_EVTLOC,IDT_PRE_EVTQUA,IDT_PRE_EVTTST,IDT_PRE_ESTLOC,IDT_PRE_ESTQUA,IDT_PRE_ESTTST,IDT_PRE_WRKQUA,IDT_REF_ESTLOC,IDT_REF_ESTQUA,IDT_REF_ESTTST,IDT_FIRM_LFDAT,IDT_DOCNUM,KBNKZ,FSH_TRANSACTION,FSH_VAS_LAST_ITEM,FSH_VAS_CG,RFM_PSST_GROUP,KOSTK_WH,TOTAL_PCSTA,TOTAL_DGSTA,TOTAL_SDSSTA,TOTAL_ARC_STATUS,ICO_FKIVK,TOTAL_EMCST,TOTAL_SLCST,TOTAL_LCCST,INCO2_KEY,INCO3_KEY,INCO4_KEY,EXT_BUS_SYST_ID,SITKZ_DB,TM_ADV_SHIP_RECV,TM_WHSE_EXEC,TM_WHSE_BLOCK,LGLC_LIC_IND,CREATION_TS,CHANGED_TS,CORR_IND,EXT_ACT_DATE_TOCD,EXT_PLAN_DATE_TOCD,EXT_TZONE_TOCD,INT_ACT_DATE_TOCD,INT_PLAN_DATE_TOCD,INT_TZONE_TOCD,JIT_RLVNT,ZZWERKS_DLHC
"020","ACUNEE0385","SYSTDY00","011201","20070211","","EOR1","NUCR","YF","","X","20070208","20070208","20070208","20070208","20070208","","FOR","ROURKELA","","","","","J","","","","01","01","0000401178","0000401178","01",0.00,0,0.210,0.210,"KG",0.000,"","00000","","000000","0010","","EMCU","YBSI","20070208","XX","","000001","V10000","","INR","",0.00,"SIEM","","","INR",0.00000,"","","00000000","","","","","","","","00000000","","","","","","","",0.00,"","","","","00000000","00000000","","20070211","20070208","","","","","","","","",0.00,"","","","000002","000000","000000","000000","000000","","","",0.00000,0.00,"","","gNah}tgp94YtuBMBQ6MOSW","X","","INDIA","INDIA","","","I","","VL01N","","","","","","","","","00000000","000000",0,"","","","","","","000000","","","","","","","","","","",0,"","","","","","","","",0x00000000000000000000000000000000,"","","","0000000000","","","","0000","","00000000","000000","","00000000",0,0,0,0,"00000","","00000000","","","","","","","","","","","","","","","","","","","","","","C","C","","","","","","","","","","","C","C","C","C","C","C","C","C","C","C","C","C","","C","","","","","","","","","","","","","","","","","","","",0,"","",0,"","","",0,"","",0,"","","",0,"","0000000000000000","","","00000","","","","","","","","","","","",NULL,NULL,NULL,"","","","","","",0.0000000,0.0000000,"",0,0,"",0,0,"","",""
"020","ACUNEE0414","SYSTDY00","021659","20070308","","EOR1","NUCR","YF","","X","20070228","20070228","20070228","20070228","20070228","","FOR","BARIPADA","","","","","J","","","","01","01","0000400103","0000400103","01",0.00,0,0.350,0.350,"KG",0.000,"","00000","","000000","0010","","EMCU","YBSI","20070228","XX","","000001","V10000","","INR","",0.00,"SIEM","","","INR",0.00000,"","","00000000","","","","","","","","00000000","","","","","","","",0.00,"","","","","00000000","00000000","","20070308","20070228","","","","","","","","",0.00,"","","","000002","000000","000000","000000","000000","","","",0.00000,0.00,"","","fTDAkRAH1acfF1DjNUuPiG","X","","INDIA","INDIA","","","I","","VL01N","","","","","","","","","00000000","000000",0,"","","","","","","000000","","","","","","","","","","",0,"","","","","","","","",0x00000000000000000000000000000000,"","","","0000000000","","","","0000","","00000000","000000","","00000000",0,0,0,0,"00000","","00000000","","","","","","","","","","","","","","","","","","","","","","C","C","","","","","","","","","","","C","C","C","C","C","C","C","C","C","C","C","C","","C","","","","","","","","","","","","","","","","","","","",0,"","",0,"","","",0,"","",0,"","","",0,"","0000000000000000","","","00000","","","","","","","","","","","",NULL,NULL,NULL,"","","","","","",0.0000000,0.0000000,"",0,0,"",0,0,"","",""
"020","ACUNFE0140","SYSTDY00","050454","20070803","","EOR1","NUCR","YF","","X","20070728","20070728","20070728","20070728","20070728","","FOR","BERHAMPUR","","","","","J","","","","01","01","0000400163","0000400163","01",0.00,0,0.350,0.350,"KG",0.000,"","00000","","000000","0010","","EMCU","YBSI","20070728","XX","","000001","V10000","","INR","",0.00,"SIEM","","","INR",0.00000,"","","00000000","","","","","","","","00000000","","","","","","","",0.00,"","","","","00000000","00000000","","20070803","20070728","","","","","","","","",0.00,"","","","000002","000000","000000","000000","000000","","","",0.00000,0.00,"","","0TPVKYjjga6jp7pcImazfm","X","","INDIA","INDIA","","","I","","VL01N","","","","","","","","","00000000","000000",0,"","","","","","","000000","","","","","","","","","","",0,"","","","","","","","",0x00000000000000000000000000000000,"","","","0000000000","","","","0000","","00000000","000000","","00000000",0,0,0,0,"00000","","00000000","","","","","","","","","","","","","","","","","","","","","","C","C","","","","","","","","","","","C","C","C","C","C","C","C","C","C","C","C","C","","C","","","","","","","","","","","","","","","","","","","",0,"","",0,"","","",0,"","",0,"","","",0,"","0000000000000000","","","00000","","","","","","","","","","","",NULL,NULL,NULL,"","","","","","",0.0000000,0.0000000,"",0,0,"",0,0,"","",""
"020","ACUNFE0187","SYSTDY00","015300","20070823","","EOR1","NUCR","YF","","X","20070817","20070817","20070817","20070817","20070817","","FOR","BHUBANESHWAR","","","","","J","","","","01","01","0000400208","0000400208","01",0.00,0,0.700,0.700,"KG",0.000,"","00000","","000000","0010","","EMCU","YBSI","20070817","XX","","000001","V10000","","INR","",0.00,"SIEM","","","INR",0.00000,"","","00000000","","","","","","","","00000000","","","","","","","",0.00,"","","","","00000000","00000000","","20070823","20070817","","","","","","","","",0.00,"","","","000002","000000","000000","000000","000000","","","",0.00000,0.00,"","","j0pwCsAndKIz0jSdEbelWm","X","","INDIA","INDIA","","","I","","VL01N","","","","","","","","","00000000","000000",0,"","","","","","","000000","","","","","","","","","","",0,"","","","","","","","",0x00000000000000000000000000000000,"","","","0000000000","","","","0000","","00000000","000000","","00000000",0,0,0,0,"00000","","00000000","","","","","","","","","","","","","","","","","","","","","","C","C","","","","","","","","","","","C","C","C","C","C","C","C","C","C","C","C","C","","C","","","","","","","","","","","","","","","","","","","",0,"","",0,"","","",0,"","",0,"","","",0,"","0000000000000000","","","00000","","","","","","","","","","","",NULL,NULL,NULL,"","","","","","",0.0000000,0.0000000,"",0,0,"",0,0,"","",""
"020","ACUNFE0332","SYSTDY00","022120","20071130","","EOR1","NUCR","YF","","X","20071129","20071129","20071129","20071129","20071129","","FOR","BERHAMPUR","","","","","J","","","","01","01","0000400163","0000400163","01",0.00,0,0.350,0.350,"KG",0.000,"","00000","","000000","0010","","EMCU","YBSI","20071129","XX","","000001","V10000","","INR","",0.00,"SIEM","","","INR",0.00000,"","","00000000","","","","","","","","00000000","","","","","","","",0.00,"","","","","00000000","00000000","","20071130","20071129","","","","","","","","",0.00,"","","","000002","000000","000000","000000","000000","","","",0.00000,0.00,"","","vzXc3EEUdagRdQ}fje2QVG","X","","INDIA","INDIA","","","I","","VL01N","","","","","","","","","00000000","000000",0,"","","","","","","000000","","","","","","","","","","",0,"","","","","","","","",0x00000000000000000000000000000000,"","","","0000000000","","","","0000","","00000000","000000","","00000000",0,0,0,0,"00000","","00000000","","","","","","","","","","","","","","","","","","","","","","C","C","","","","","","","","","","","C","C","C","C","C","C","C","C","C","C","C","C","","C","","","","","","","","","","","","","","","","","","","",0,"","",0,"","","",0,"","",0,"","","",0,"","0000000000000000","","","00000","","","","","","","","","","","",NULL,NULL,NULL,"","","","","","",0.0000000,0.0000000,"",0,0,"",0,0,"","",""
"020","AKLSEG2066","SYSTDY00","060040","20070204","","EWB1","SHWZ","YF","","X","20070131","20070131","20070131","20070131","20070131","","FOR","CALCUTTA","","","","","J","","","","01","01","0000400344","0000400344","01",0.00,0,7.080,7.080,"KG",0.000,"","00000","","000000","0010","","EMCU","YBSI","20070131","XX","","000001","V10000","","INR","",0.00,"SIEM","","","INR",0.00000,"","","00000000","","","","","","","","00000000","","","","","","","",0.00,"","","","","00000000","00000000","","20070204","20070131","","","","","","","","",0.00,"","","","000002","000000","000000","000000","000000","","","",0.00000,0.00,"","","QeFU{2ASYKImrsofj}dHfm","X","","INDIA","INDIA","","","I","","VL01N","","","","","","","","","00000000","000000",0,"","","","","","","000000","","","","","","","","","","",0,"","","","","","","","",0x00000000000000000000000000000000,"","","","0000000000","","","","0000","","00000000","000000","","00000000",0,0,0,0,"00000","","00000000","","","","","","","","","","","","","","","","","","","","","","C","C","","","","","","","","","","","C","C","C","C","C","C","C","C","C","C","C","C","","C","","","","","","","","","","","","","","","","","","","",0,"","",0,"","","",0,"","",0,"","","",0,"","0000000000000000","","","00000","","","","","","","","","","","",NULL,NULL,NULL,"","","","","","",0.0000000,0.0000000,"",0,0,"",0,0,"","",""
"020","AKLSEG2085","SYSTDY00","060054","20070204","","EWB1","SHWZ","YF","","X","20070131","20070131","20070131","20070131","20070131","","FOR","CALCUTTA","","","","","J","","","","01","01","0000402569","0000402569","01",0.00,0,7.080,7.080,"KG",0.000,"","00000","","000000","0010","","EMCU","YBSI","20070131","XX","","000001","V10000","","INR","",0.00,"SIEM","","","INR",0.00000,"","","00000000","","","","","","","","00000000","","","","","","","",0.00,"","","","","00000000","00000000","","20070204","20070131","","","","","","","","",0.00,"","","","000002","000000","000000","000000","000000","","","",0.00000,0.00,"","","PP4ONvu37aMvXIlcBd9}8G","X","","INDIA","INDIA","","","I","","VL01N","","","","","","","","","00000000","000000",0,"","","","","","","000000","","","","","","","","","","",0,"","","","","","","","",0x00000000000000000000000000000000,"","","","0000000000","","","","0000","","00000000","000000","","00000000",0,0,0,0,"00000","","00000000","","","","","","","","","","","","","","","","","","","","","","C","C","","","","","","","","","","","C","C","C","C","C","C","C","C","C","C","C","C","","C","","","","","","","","","","","","","","","","","","","",0,"","",0,"","","",0,"","",0,"","","",0,"","0000000000000000","","","00000","","","","","","","","","","","",NULL,NULL,NULL,"","","","","","",0.0000000,0.0000000,"",0,0,"",0,0,"","",""
"020","AKLSEG2255","SYSTDY00","013631","20070223","","EWB1","SHWZ","YF","","X","20070221","20070221","20070221","20070221","20070221","","FOR","CALCUTTA","","","","","J","","","","01","01","0000400341","0000400341","01",0.00,0,7.080,7.080,"KG",0.000,"","00000","","000000","0010","","EMCU","YBSI","20070221","XX","","000001","V10000","","INR","",0.00,"SIEM","","","INR",0.00000,"","","00000000","","","","","","","","00000000","","","","","","","",0.00,"","","","","00000000","00000000","","20070223","20070221","","","","","","","","",0.00,"","","","000002","000000","000000","000000","000000","","","",0.00000,0.00,"","","v6sOj9kSfqs4Z4HcMoiPH0","X","","INDIA","INDIA","","","I","","VL01N","","","","","","","","","00000000","000000",0,"","","","","","","000000","","","","","","","","","","",0,"","","","","","","","",0x00000000000000000000000000000000,"","","","0000000000","","","","0000","","00000000","000000","","00000000",0,0,0,0,"00000","","00000000","","","","","","","","","","","","","","","","","","","","","","C","C","","","","","","","","","","","C","C","C","C","C","C","C","C","C","C","C","C","","C","","","","","","","","","","","","","","","","","","","",0,"","",0,"","","",0,"","",0,"","","",0,"","0000000000000000","","","00000","","","","","","","","","","","",NULL,NULL,NULL,"","","","","","",0.0000000,0.0000000,"",0,0,"",0,0,"","",""
"020","AKLSEG2257","SYSTDY00","013643","20070223","","EWB1","SHWZ","YF","","X","20070221","20070221","20070221","20070221","20070221","","FOR","CALCUTTA","","","","","J","","","","01","01","0000400348","0000400348","01",0.00,0,7.080,7.080,"KG",0.000,"","00000","","000000","0010","","EMCU","YBSI","20070221","XX","","000001","V10000","","INR","",0.00,"SIEM","","","INR",0.00000,"","","00000000","","","","","","","","00000000","","","","","","","",0.00,"","","","","00000000","00000000","","20070223","20070221","","","","","","","","",0.00,"","","","000002","000000","000000","000000","000000","","","",0.00000,0.00,"","","}B0WbVq0NasyoPohoCKhYG","X","","INDIA","INDIA","","","I","","VL01N","","","","","","","","","00000000","000000",0,"","","","","","","000000","","","","","","","","","","",0,"","","","","","","","",0x00000000000000000000000000000000,"","","","0000000000","","","","0000","","00000000","000000","","00000000",0,0,0,0,"00000","","00000000","","","","","","","","","","","","","","","","","","","","","","C","C","","","","","","","","","","","C","C","C","C","C","C","C","C","C","C","C","C","","C","","","","","","","","","","","","","","","","","","","",0,"","",0,"","","",0,"","",0,"","","",0,"","0000000000000000","","","00000","","","","","","","","","","","",NULL,NULL,NULL,"","","","","","",0.0000000,0.0000000,"",0,0,"",0,0,"","",""
"020","AKLSEG2281","SYSTDY00","055154","20070304","","EWB1","SHWZ","YF","","X","20070228","20070228","20070228","20070228","20070228","","FOR","BANKURA","","","","","J","","","","01","01","0000402827","0000402827","01",0.00,0,7.080,7.080,"KG",0.000,"","00000","","000000","0010","","EMCU","YBSI","20070228","XX","","000001","V10000","","INR","",0.00,"SIEM","","","INR",0.00000,"","","00000000","","","","","","","","00000000","","","","","","","",0.00,"","","","","00000000","00000000","","20070304","20070228","","","","","","","","",0.00,"","","","000002","000000","000000","000000","000000","","","",0.00000,0.00,"","","q0TlT5Yl5aIHETQD1XRXG0","X","","INDIA","INDIA","","","I","","VL01N","","","","","","","","","00000000","000000",0,"","","","","","","000000","","","","","","","","","","",0,"","","","","","","","",0x00000000000000000000000000000000,"","","","0000000000","","","","0000","","00000000","000000","","00000000",0,0,0,0,"00000","","00000000","","","","","","","","","","","","","","","","","","","","","","C","C","","","","","","","","","","","C","C","C","C","C","C","C","C","C","C","C","C","","C","","","","","","","","","","","","","","","","","","","",0,"","",0,"","","",0,"","",0,"","","",0,"","0000000000000000","","","00000","","","","","","","","","","","",NULL,NULL,NULL,"","","","","","",0.0000000,0.0000000,"",0,0,"",0,0,"","",""
