MANDT,MATNR,ERSDA,ERNAM,LAEDA,AENAM,VPSTA,PSTAT,LVORM,MTART,MBRSH,MATKL,BISMT,MEINS,BSTME,ZEINR,ZEIAR,ZEIVR,ZEIFO,AESZN,BLATT,BLANZ,FERTH,FORMT,GROES,WRKST,NORMT,LABOR,EKWSL,BRGEW,NTGEW,GEWEI,VOLUM,VOLEH,BEHVO,RAUBE,TEMPB,DISST,TRAGR,STOFF,SPART,KUNNR,EANNR,WESCH,BWVOR,BWSCL,SAISO,ETIAR,ETIFO,ENTAR,EAN11,NUMTP,LAENG,BREIT,HOEHE,MEABM,PRDHA,AEKLK,CADKZ,QMPUR,ERGEW,ERGEI,ERVOL,ERVOE,GEWTO,VOLTO,VABME,KZREV,KZKFG,XCHPF,VHART,FUELG,STFAK,MAGRV,BEGRU,DATAB,LIQDT,SAISJ,PLGTP,MLGUT,EXTWG,SATNR,ATTYP,KZKUP,KZNFM,PMATA,MSTAE,MSTAV,MSTDE,MSTDV,TAKLV,RBNRM,MHDRZ,MHDHB,MHDLP,INHME,INHAL,VPREH,ETIAG,INHBR,CMETH,CUOBF,KZUMW,KOSCH,SPROF,NRFHG,MFRPN,MFRNR,BMATN,MPROF,KZWSM,SAITY,PROFL,IHIVI,ILOOS,SERLV,KZGVH,XGCHP,KZEFF,COMPL,IPRKZ,RDMHD,PRZUS,MTPOS_MARA,BFLME,MATFI,CMREL,BBTYP,SLED_BBD,GTIN_VARIANT,GENNR,RMATP,GDS_RELEVANT,WEORA,HUTYP_DFLT,PILFERABLE,WHSTC,WHMATGR,HNDLCODE,HAZMAT,HUTYP,TARE_VAR,MAXC,MAXC_TOL,MAXL,MAXB,MAXH,MAXDIM_UOM,HERKL,MFRGR,QQTIME,QQTIMEUOM,QGRP,SERIAL,PS_SMARTFORM,LOGUNIT,CWQREL,CWQPROC,CWQTOLGR,ADPROF,IPMIPPRODUCT,ALLOW_PMAT_IGNO,MEDIUM,COMMODITY,ANIMAL_ORIGIN,TEXTILE_COMP_IND,SGT_CSGR,SGT_COVSA,SGT_STAT,SGT_SCOPE,SGT_REL,ANP,FSH_MG_AT1,FSH_MG_AT2,FSH_MG_AT3,FSH_SEALV,FSH_SEAIM,FSH_SC_MID,PSM_CODE,/BEV1/LULEINH,/BEV1/LULDEGRP,/BEV1/NESTRUCCAT,/DSD/SL_TOLTYP,/DSD/SV_CNT_GRP,/DSD/VC_GROUP,/VSO/R_TILT_IND,/VSO/R_STACK_IND,/VSO/R_BOT_IND,/VSO/R_TOP_IND,/VSO/R_STACK_NO,/VSO/R_PAL_IND,/VSO/R_PAL_OVR_D,/VSO/R_PAL_OVR_W,/VSO/R_PAL_B_HT,/VSO/R_PAL_MIN_H,/VSO/R_TOL_B_HT,/VSO/R_NO_P_GVH,/VSO/R_QUAN_UNIT,/VSO/R_KZGVH_IND,PACKCODE,DG_PACK_STATUS,MCOND,RETDELC,LOGLEV_RETO,NSNID,IMATN,PICNUM,BSTAT,COLOR_ATINN,SIZE1_ATINN,SIZE2_ATINN,COLOR,SIZE1,SIZE2,FREE_CHAR,CARE_CODE,BRAND_ID,FIBER_CODE1,FIBER_PART1,FIBER_CODE2,FIBER_PART2,FIBER_CODE3,FIBER_PART3,FIBER_CODE4,FIBER_PART4,FIBER_CODE5,FIBER_PART5,FASHGRD,ANDA_NO,MFG_NDC_NO,DISTR_NDC_NO,RCS_NO,FDA_NO,VENDOR_MATNR,BLOCK_REASON1,BLOCK_REASON2,BLOCK_REASON3,ZZAIOCD_MATNR,ZZBRANDNM,ZZGLNNO,ZZANDA_DATE,ZZOLD_MATNR,MOLID,ORGID,CHIRL,CHRNC,LNCHP,PSIGN,MARKT,BUNIT,LAST_CHANGED_TIME,DUMMY_PRD_INCL_EEW_PS,SCM_MATID_GUID16,SCM_MATID_GUID22,SCM_MATURITY_DUR,SCM_SHLF_LFE_REQ_MIN,SCM_SHLF_LFE_REQ_MAX,SCM_PUOM,/CWM/XCWMAT,/CWM/VALUM,/CWM/TOLGR,/CWM/TARA,/CWM/TARUM,/SAPMP/KADU,/SAPMP/ABMEIN,/SAPMP/KADP,/SAPMP/BRAD,/SAPMP/SPBI,/SAPMP/TRAD,/SAPMP/KEDU,/SAPMP/SPTR,/SAPMP/FBDK,/SAPMP/FBHK,/SAPMP/RILI,/SAPMP/FBAK,/SAPMP/AHO,/SAPMP/MIFRR,OVLPN,ADSPC_SPC,VARID,MSBOOKPARTNO,DPCBT,XGRDT,ZZMVGR6,ZZLAND1,ZZREGION,CREATED_AT_TIME,MATNR_EXTERNAL,CHML_CMPLNC_RLVNCE_IND,LOGISTICAL_MAT_CATEGORY,SALES_MATERIAL,IDENTIFICATION_TAG_TYPE,PRODUCTOID,SDM_VERSION,RMATP_PB,PROD_SHAPE,MO_PROFILE_ID,OVERHANG_TRESH,BRIDGE_TRESH,BRIDGE_MAX_SLOPE,HEIGHT_NONFLAT,HEIGHT_NONFLAT_UOM,SCM_KITCOMP,SCM_PROD_PAOOPT,SCM_BOD_DEPLVL,SCM_RESTRICT_INVBAL,SCM_DRP_GL_STOCK,SCM_EXCL_EXPEDITE,NEWPROD_INDI,PRD_STARTDT,PRD_ENDDT,INV_PLN_MODE,FLAGCLASS,/STTPEC/SERTYPE,/STTPEC/SYNCACT,/STTPEC/SYNCTIME,/STTPEC/SYNCCHG,/STTPEC/COUNTRY_REF,/STTPEC/PRDCAT,SRV_DURA,SRV_DURA_UOM,SRV_SERWI,SRV_ESCAL,SOM_CYCLE,SOM_CYCLE_RULE,SOM_TC_SCHEMA,SOM_CTR_AUTORENEWAL,ICFA,RIC_ID,DFS_SENSITIVITY_KEY,DFS_MFRP2,TOLERANCE_TYPE,ZZAVG_WEIGHT,ZZUOM
"020","000000000110002173","20120816","ADESHPANDE","20231031","10020372","KEDLCBGQZX","KEDLCBGQ","","ROH","P","RM-03","","KG","","","","","","","","000","","","","","","","RM",0.000,0.000,"",0.000,"","","","","","","","EM","","",0.000,"","","","","","","","",0.000,0.000,0.000,"","","","","X",0.000,"",0.000,"",0.0,0.0,"","","","X","",0,0,"","","00000000","00000000","","","","","","","","","","","","00000000","00000000","","",0,0,0,"",0.000,0,"",0.000,"","000000000000000000","","","","","","","","","","","","","","","","","","00","","","","NORM","","","","","B","","","","","","","","","","","","","",0.000,0.0,0.000,0.000,0.000,"","","",0,"","","","","","","","","","","","","","","","","","","","","000000000","","","","","","","","00000000","","","","","","","","","","000","",0.000,0.000,0.000,0.000,0.000,"00","","","","","","","","","","","","0000000000","0000000000","0000000000","","","","","","","","000","","000","","000","","000","","000","","","","","","","","","","","","","","00000000","","","","","","000000","","","","143208","",0x00000000000000000000000000000000,"",0,0,0,"","","","","","",0.00,"",0.00,0,0.00,0.00,0.00,0.000,0.00,0.00,"","","000",0.00,"","0",0x00000000000000000000000000000000,"","","","","","","000000","","","","","","","01","","","",0.00,0.00,0.00,0.000,"","","","","","","","","00000000","00000000","","",0,"",0,"","","",0.000,"","","","","","","","",0,"","","",0.000,""
"020","000000000110002174","20120816","ADESHPANDE","20231031","10020372","KEDLCBGQZX","KEDLCBGQ","","ROH","P","RM-03","","KG","","","","","","","","000","","","","","","","RM",0.000,0.000,"",0.000,"","","","","","","","EM","","",0.000,"","","","","","","","",0.000,0.000,0.000,"","","","","X",0.000,"",0.000,"",0.0,0.0,"","","","X","",0,0,"","","00000000","00000000","","","","","","","","","","","","00000000","00000000","","",0,0,0,"",0.000,0,"",0.000,"","000000000000000000","","","","","","","","","","","","","","","","","","00","","","","NORM","","","","","B","","","","","","","","","","","","","",0.000,0.0,0.000,0.000,0.000,"","","",0,"","","","","","","","","","","","","","","","","","","","","000000000","","","","","","","","00000000","","","","","","","","","","000","",0.000,0.000,0.000,0.000,0.000,"00","","","","","","","","","","","","0000000000","0000000000","0000000000","","","","","","","","000","","000","","000","","000","","000","","","","","","","","","","","","","","00000000","","","","","","000000","","","","143207","",0x00000000000000000000000000000000,"",0,0,0,"","","","","","",0.00,"",0.00,0,0.00,0.00,0.00,0.000,0.00,0.00,"","","000",0.00,"","0",0x00000000000000000000000000000000,"","","","","","","000000","","","","","","","01","","","",0.00,0.00,0.00,0.000,"","","","","","","","","00000000","00000000","","",0,"",0,"","","",0.000,"","","","","","","","",0,"","","",0.000,""
"020","000000000110002175","20120816","ADESHPANDE","20231031","10020372","KEDLCBGQZX","KEDLCBGQ","","ROH","P","RM-03","","KG","","","","","","","","000","","","","","","","RM",0.000,0.000,"",0.000,"","","","","","","","EM","","",0.000,"","","","","","","","",0.000,0.000,0.000,"","","","","X",0.000,"",0.000,"",0.0,0.0,"","","","X","",0,0,"","","00000000","00000000","","","","","","","","","","","","00000000","00000000","","",0,0,0,"",0.000,0,"",0.000,"","000000000000000000","","","","","","","","","","","","","","","","","","00","","","","NORM","","","","","B","","","","","","","","","","","","","",0.000,0.0,0.000,0.000,0.000,"","","",0,"","","","","","","","","","","","","","","","","","","","","000000000","","","","","","","","00000000","","","","","","","","","","000","",0.000,0.000,0.000,0.000,0.000,"00","","","","","","","","","","","","0000000000","0000000000","0000000000","","","","","","","","000","","000","","000","","000","","000","","","","","","","","","","","","","","00000000","","","","","","000000","","","","143207","",0x00000000000000000000000000000000,"",0,0,0,"","","","","","",0.00,"",0.00,0,0.00,0.00,0.00,0.000,0.00,0.00,"","","000",0.00,"","0",0x00000000000000000000000000000000,"","","","","","","000000","","","","","","","01","","","",0.00,0.00,0.00,0.000,"","","","","","","","","00000000","00000000","","",0,"",0,"","","",0.000,"","","","","","","","",0,"","","",0.000,""
"020","000000000110002563","20140429","ADESHPANDE","20210204","RSOMKUWAR","KEDLCBGQZX","KEDLCBGQ","","ROH","P","RM-03","","KG","","","","","","","","000","","","","","","","RM",0.000,0.000,"",0.000,"","","","","","","","EM","","",0.000,"","","","","","","","",0.000,0.000,0.000,"","","","","X",0.000,"",0.000,"",0.0,0.0,"","","","X","",0,0,"","","00000000","00000000","","","","","","","","","","","","00000000","00000000","","",0,0,0,"",0.000,0,"",0.000,"","000000000000000000","","","","","","","","","","","","","","","","","","00","","","","NORM","","","","","B","","","","","","","","","","","","","",0.000,0.0,0.000,0.000,0.000,"","","",0,"","","","","","","","","","","","","","","","","","","","","000000000","","","","","","","","00000000","","","","","","","","","","000","",0.000,0.000,0.000,0.000,0.000,"00","","","","","","","","","","","","0000000000","0000000000","0000000000","","","","","","","","000","","000","","000","","000","","000","","","","","","","","","","","","","","00000000","","","","","","000000","","","","143645","",0x00000000000000000000000000000000,"",0,0,0,"","","","","","",0.00,"",0.00,0,0.00,0.00,0.00,0.000,0.00,0.00,"","","000",0.00,"","0",0x00000000000000000000000000000000,"","","","","","","000000","","","","","","","01","","","",0.00,0.00,0.00,0.000,"","","","","","","","","00000000","00000000","","",0,"",0,"","","",0.000,"","","","","","","","",0,"","","",0.000,""
"020","000000000110002564","20140429","ADESHPANDE","20210204","RSOMKUWAR","KEDLCBGQZX","KEDLCBGQ","","ROH","P","RM-03","","KG","","","","","","","","000","","","","","","","RM",0.000,0.000,"",0.000,"","","","","","","","EM","","",0.000,"","","","","","","","",0.000,0.000,0.000,"","","","","X",0.000,"",0.000,"",0.0,0.0,"","","","X","",0,0,"","","00000000","00000000","","","","","","","","","","","","00000000","00000000","","",0,0,0,"",0.000,0,"",0.000,"","000000000000000000","","","","","","","","","","","","","","","","","","00","","","","NORM","","","","","B","","","","","","","","","","","","","",0.000,0.0,0.000,0.000,0.000,"","","",0,"","","","","","","","","","","","","","","","","","","","","000000000","","","","","","","","00000000","","","","","","","","","","000","",0.000,0.000,0.000,0.000,0.000,"00","","","","","","","","","","","","0000000000","0000000000","0000000000","","","","","","","","000","","000","","000","","000","","000","","","","","","","","","","","","","","00000000","","","","","","000000","","","","143645","",0x00000000000000000000000000000000,"",0,0,0,"","","","","","",0.00,"",0.00,0,0.00,0.00,0.00,0.000,0.00,0.00,"","","000",0.00,"","0",0x00000000000000000000000000000000,"","","","","","","000000","","","","","","","01","","","",0.00,0.00,0.00,0.000,"","","","","","","","","00000000","00000000","","",0,"",0,"","","",0.000,"","","","","","","","",0,"","","",0.000,""
"020","000000000110003010","20160806","ADESHPANDE","20231013","10020372","KEDLCBGQZX","KEDLCBGQ","","ROH","P","RM-03","","G","","","","","","","","000","","","","","","","RM",0.000,0.000,"",0.000,"","","","","","","","EM","","",0.000,"","","","","","","","",0.000,0.000,0.000,"","","","","X",0.000,"",0.000,"",0.0,0.0,"","","","X","",0,0,"","","00000000","00000000","","","","","","","","","","","","00000000","00000000","","",0,0,0,"",0.000,0,"",0.000,"","000000000000000000","","","","","","","","","","","","","","","","","","00","","","","NORM","","","","","B","","","","","","","","","","","","","",0.000,0.0,0.000,0.000,0.000,"","","",0,"","","","","","","","","","","","","","","","","","","","","000000000","","","","","","","","00000000","","","","","","","","","","000","",0.000,0.000,0.000,0.000,0.000,"00","","","","","","","","","","","","0000000000","0000000000","0000000000","","","","","","","","000","","000","","000","","000","","000","","","","","","","","","","","","","","00000000","","","","","","000000","","","","161440","",0x00000000000000000000000000000000,"",0,0,0,"","","","","","",0.00,"",0.00,0,0.00,0.00,0.00,0.000,0.00,0.00,"","","000",0.00,"","0",0x00000000000000000000000000000000,"","","","","","","000000","","","","","","","01","","","",0.00,0.00,0.00,0.000,"","","","","","","","","00000000","00000000","","",0,"",0,"","","",0.000,"","","","","","","","",0,"","","",0.000,""
"020","000000000110010894","20130328","ADESHPANDE","20210930","SVAIDYA","KEDLCBGQZX","KEDLCBGQ","","ROH","P","RM-03","","KG","","","","","","","","000","","","","","","","RM",0.000,0.000,"",0.000,"","","","","","","","EM","","",0.000,"","","","","","","","",0.000,0.000,0.000,"","","","","X",0.000,"",0.000,"",0.0,0.0,"","","","X","",0,0,"","","00000000","00000000","","","","","","","","","","","","00000000","00000000","","",0,0,0,"",0.000,0,"",0.000,"","000000000000000000","","","","","","","","","","","","","","","","","","00","","","","NORM","","","","","B","","","","","","","","","","","","","",0.000,0.0,0.000,0.000,0.000,"","","",0,"","","","","","","","","","","","","","","","","","","","","000000000","","","","","","","","00000000","","","","","","","","","","000","",0.000,0.000,0.000,0.000,0.000,"00","","","","","","","","","","","","0000000000","0000000000","0000000000","","","","","","","","000","","000","","000","","000","","000","","","","","","","","","","","","","","00000000","","","","","","000000","","","","144641","",0x00000000000000000000000000000000,"",0,0,0,"","","","","","",0.00,"",0.00,0,0.00,0.00,0.00,0.000,0.00,0.00,"","","000",0.00,"","0",0x00000000000000000000000000000000,"","","","","","","000000","","","","","","","01","","","",0.00,0.00,0.00,0.000,"","","","","","","","","00000000","00000000","","",0,"",0,"","","",0.000,"","","","","","","","",0,"","","",0.000,""
"020","000000000110010896","20130328","ADESHPANDE","20210930","SVAIDYA","KEDLCBGQZX","KEDLCBGQ","","ROH","P","RM-03","","KG","","","","","","","","000","","","","","","","RM",0.000,0.000,"",0.000,"","","","","","","","EM","","",0.000,"","","","","","","","",0.000,0.000,0.000,"","","","","X",0.000,"",0.000,"",0.0,0.0,"","","","X","",0,0,"","","00000000","00000000","","","","","","","","","","","","00000000","00000000","","",0,0,0,"",0.000,0,"",0.000,"","000000000000000000","","","","","","","","","","","","","","","","","","00","","","","NORM","","","","","B","","","","","","","","","","","","","",0.000,0.0,0.000,0.000,0.000,"","","",0,"","","","","","","","","","","","","","","","","","","","","000000000","","","","","","","","00000000","","","","","","","","","","000","",0.000,0.000,0.000,0.000,0.000,"00","","","","","","","","","","","","0000000000","0000000000","0000000000","","","","","","","","000","","000","","000","","000","","000","","","","","","","","","","","","","","00000000","","","","","","000000","","","","144640","",0x00000000000000000000000000000000,"",0,0,0,"","","","","","",0.00,"",0.00,0,0.00,0.00,0.00,0.000,0.00,0.00,"","","000",0.00,"","0",0x00000000000000000000000000000000,"","","","","","","000000","","","","","","","01","","","",0.00,0.00,0.00,0.000,"","","","","","","","","00000000","00000000","","",0,"",0,"","","",0.000,"","","","","","","","",0,"","","",0.000,""
"020","000000000110010901","20130330","ADESHPANDE","20210930","SVAIDYA","KEDLCBGQZX","KEDLCBGQ","","ROH","P","RM-03","","KG","","","","","","","","000","","","","","","","RM",0.000,0.000,"",0.000,"","","","","","","","EM","","",0.000,"","","","","","","","",0.000,0.000,0.000,"","","","","X",0.000,"",0.000,"",0.0,0.0,"","","","X","",0,0,"","","00000000","00000000","","","","","","","","","","","","00000000","00000000","","",0,0,0,"",0.000,0,"",0.000,"","000000000000000000","","","","","","","","","","","","","","","","","","00","","","","NORM","","","","","B","","","","","","","","","","","","","",0.000,0.0,0.000,0.000,0.000,"","","",0,"","","","","","","","","","","","","","","","","","","","","000000000","","","","","","","","00000000","","","","","","","","","","000","",0.000,0.000,0.000,0.000,0.000,"00","","","","","","","","","","","","0000000000","0000000000","0000000000","","","","","","","","000","","000","","000","","000","","000","","","","","","","","","","","","","","00000000","","","","","","000000","","","","144640","",0x00000000000000000000000000000000,"",0,0,0,"","","","","","",0.00,"",0.00,0,0.00,0.00,0.00,0.000,0.00,0.00,"","","000",0.00,"","0",0x00000000000000000000000000000000,"","","","","","","000000","","","","","","","01","","","",0.00,0.00,0.00,0.000,"","","","","","","","","00000000","00000000","","",0,"",0,"","","",0.000,"","","","","","","","",0,"","","",0.000,""
"020","000000000110010902","20130330","ADESHPANDE","20210930","SVAIDYA","KEDLCBGQZX","KEDLCBGQ","","ROH","P","RM-03","","KG","","","","","","","","000","","","","","","","RM",0.000,0.000,"",0.000,"","","","","","","","EM","","",0.000,"","","","","","","","",0.000,0.000,0.000,"","","","","X",0.000,"",0.000,"",0.0,0.0,"","","","X","",0,0,"","","00000000","00000000","","","","","","","","","","","","00000000","00000000","","",0,0,0,"",0.000,0,"",0.000,"","000000000000000000","","","","","","","","","","","","","","","","","","00","","","","NORM","","","","","B","","","","","","","","","","","","","",0.000,0.0,0.000,0.000,0.000,"","","",0,"","","","","","","","","","","","","","","","","","","","","000000000","","","","","","","","00000000","","","","","","","","","","000","",0.000,0.000,0.000,0.000,0.000,"00","","","","","","","","","","","","0000000000","0000000000","0000000000","","","","","","","","000","","000","","000","","000","","000","","","","","","","","","","","","","","00000000","","","","","","000000","","","","144639","",0x00000000000000000000000000000000,"",0,0,0,"","","","","","",0.00,"",0.00,0,0.00,0.00,0.00,0.000,0.00,0.00,"","","000",0.00,"","0",0x00000000000000000000000000000000,"","","","","","","000000","","","","","","","01","","","",0.00,0.00,0.00,0.000,"","","","","","","","","00000000","00000000","","",0,"",0,"","","",0.000,"","","","","","","","",0,"","","",0.000,""
