MANDT,MATNR,WERKS,CHARG,LVORM,ERSDA,ERNAM,AENAM,LAEDA,VERAB,VFDAT,ZUSCH,ZUSTD,ZAEDT,LIFNR,LICHA,VLCHA,VLWRK,VLMAT,BWTAR,CHAME,LWEDT,FVDT1,FVDT2,FVDT3,FVDT4,FVDT5,FVDT6,HERKL,HERKR,MTVER,QNDAT,HSDAT,CUOBJ_BM,DEACT_BM,BATCH_TYPE,SGT_SCAT,BATCH_ID,XPCBT,ERSDA_TMSTP,ERSDA_TZ_SYS,ERSDA_TZ_USR,ZFDAT,CREATION_DATETIME,LASTCHANGE_DATETIME,FSH_SEASON_YEAR,FSH_SEASON,FSH_COLLECTION,FSH_THEME,/STTPEC/SERTYPE,/STTPEC/PLANT,/STTPEC/SYNCTIME,/STTPEC/SYNCACT
"020","000000000420000615","EAP1","GL0402","","20050324","SYSTDY00","","00000000","00000000","00000000","","","00000000","","","","","","","","00000000","00000000","00000000","00000000","00000000","00000000","00000000","","","","00000000","00000000","000000000000000000","","","",NULL,"",0,"","","00000000",0.0000000,0.0000000,"","","","",0,"",0,""
"020","000000000420000615","EAP1","POA04040","","20041129","SYSTDY00","","00000000","00000000","00000000","","","00000000","","","","","","","","00000000","00000000","00000000","00000000","00000000","00000000","00000000","","","","00000000","00000000","000000000000000000","","","",NULL,"",0,"","","00000000",0.0000000,0.0000000,"","","","",0,"",0,""
"020","000000000420000615","EAP1","POA04041","","20041129","SYSTDY00","","00000000","00000000","00000000","","","00000000","","","","","","","","00000000","00000000","00000000","00000000","00000000","00000000","00000000","","","","00000000","00000000","000000000000000000","","","",NULL,"",0,"","","00000000",0.0000000,0.0000000,"","","","",0,"",0,""
"020","000000000420000615","EAP1","POA04042","","20041129","SYSTDY00","","00000000","00000000","00000000","","","00000000","","","","","","","","00000000","00000000","00000000","00000000","00000000","00000000","00000000","","","","00000000","00000000","000000000000000000","","","",NULL,"",0,"","","00000000",0.0000000,0.0000000,"","","","",0,"",0,""
"020","000000000420000615","EAP1","POA04043","","20041129","SYSTDY00","","00000000","00000000","00000000","","","00000000","","","","","","","","00000000","00000000","00000000","00000000","00000000","00000000","00000000","","","","00000000","00000000","000000000000000000","","","",NULL,"",0,"","","00000000",0.0000000,0.0000000,"","","","",0,"",0,""
"020","000000000420000615","EAP1","POA04044","","20041129","SYSTDY00","","00000000","00000000","00000000","","","00000000","","","","","","","","00000000","00000000","00000000","00000000","00000000","00000000","00000000","","","","00000000","00000000","000000000000000000","","","",NULL,"",0,"","","00000000",0.0000000,0.0000000,"","","","",0,"",0,""
"020","000000000420000615","EAP1","POA04073","","20041230","SYSTDY00","","00000000","00000000","00000000","","","00000000","","","","","","","","00000000","00000000","00000000","00000000","00000000","00000000","00000000","","","","00000000","00000000","000000000000000000","","","",NULL,"",0,"","","00000000",0.0000000,0.0000000,"","","","",0,"",0,""
"020","000000000420000615","EAP1","POA04074","","20041230","SYSTDY00","","00000000","00000000","00000000","","","00000000","","","","","","","","00000000","00000000","00000000","00000000","00000000","00000000","00000000","","","","00000000","00000000","000000000000000000","","","",NULL,"",0,"","","00000000",0.0000000,0.0000000,"","","","",0,"",0,""
"020","000000000420000615","EAP1","POA04075","","20041230","SYSTDY00","","00000000","00000000","00000000","","","00000000","","","","","","","","00000000","00000000","00000000","00000000","00000000","00000000","00000000","","","","00000000","00000000","000000000000000000","","","",NULL,"",0,"","","00000000",0.0000000,0.0000000,"","","","",0,"",0,""
"020","000000000420000615","EAP1","POA04077","","20050104","SYSTDY00","","00000000","00000000","00000000","","","00000000","","","","","","","","00000000","00000000","00000000","00000000","00000000","00000000","00000000","","","","00000000","00000000","000000000000000000","","","",NULL,"",0,"","","00000000",0.0000000,0.0000000,"","","","",0,"",0,""
