MANDT,MATNR,WERKS,LGORT,CHARG,LFGJA,LFMON,CLABS,CUMLM,CINSM,CEINM,CSPEM,CRETM,/CWM/CLABS,/CWM/CUMLM,/CWM/CINSM,/CWM/CEINM,/CWM/CSPEM,/CWM/CRETM
"020","000000000420000615","EAP1","EPSL","EPG2AA8010","2017","12",0.000,0.000,0.000,0.000,0.000,0.000,0.000,0.000,0.000,0.000,0.000,0.000
"020","000000000420000615","EAP1","EPSL","EPG2AA8035","2017","12",0.000,0.000,0.000,0.000,0.000,0.000,0.000,0.000,0.000,0.000,0.000,0.000
"020","000000000420000615","EAP1","EPSL","EPG2AA8036","2017","12",0.000,0.000,0.000,0.000,0.000,0.000,0.000,0.000,0.000,0.000,0.000,0.000
"020","000000000420000615","EAP1","EPSL","EPG2AA8088","2017","12",0.000,0.000,0.000,0.000,0.000,0.000,0.000,0.000,0.000,0.000,0.000,0.000
"020","000000000420000615","EAP1","EPSL","EPG2AA8094","2017","12",0.000,0.000,0.000,0.000,0.000,0.000,0.000,0.000,0.000,0.000,0.000,0.000
"020","000000000420000615","EAP1","EPSL","EPG2AA8095","2017","12",0.000,0.000,0.000,0.000,0.000,0.000,0.000,0.000,0.000,0.000,0.000,0.000
"020","000000000420000615","EAP1","EPSL","EPG2AA8098","2017","12",0.000,0.000,0.000,0.000,0.000,0.000,0.000,0.000,0.000,0.000,0.000,0.000
"020","000000000420000615","EAP1","EPSL","EPG2AA8100","2017","12",0.000,0.000,0.000,0.000,0.000,0.000,0.000,0.000,0.000,0.000,0.000,0.000
"020","000000000420000615","EAP1","EPSL","EPG2AA8101","2017","12",0.000,0.000,0.000,0.000,0.000,0.000,0.000,0.000,0.000,0.000,0.000,0.000
"020","000000000420000615","EAS1","EPSL","EPG2AA8090","2017","12",0.000,0.000,0.000,0.000,0.000,0.000,0.000,0.000,0.000,0.000,0.000,0.000
