MANDT,MBLNR,MJAHR,VGART,BLART,BLAUM,BLDAT,BUDAT,CPUDT,CPUTM,AEDAT,USNAM,TCODE,XBLNR,BKTXT,FRATH,FRBNR,WEVER,XABLN,AWSYS,BLA2D,TCODE2,BFWMS,EXNUM,SPE_BUDAT_UHR,SPE_BUDAT_ZONE,LE_VBELN,SPE_LOGSYS,SPE_MDNUM_EWM,GTS_CUSREF_NO,FLS_RSTO,MSR_ACTIVE,KNUMV,XCOMPL
"020","4909746813","2018","WQ","WA","PR","20180124","20180124","20180124","113030","00000000","EP07QM11","","","",0.00,"","","","EP1CLNT020","","QA11","","","000000","","","","","","","","",""
"020","4909746825","2018","WQ","WA","PR","20180124","20180124","20180124","113030","00000000","EP07QM11","","","",0.00,"","","","EP1CLNT020","","QA11","","","000000","","","","","","","","",""
"020","4909751635","2018","WQ","WA","PR","20180124","20180124","20180124","165745","00000000","EP07QM11","","","",0.00,"","","","EP1CLNT020","","QA11","","","000000","","","","","","","","",""
"020","4909751636","2018","WQ","WA","PR","20180124","20180124","20180124","165745","00000000","EP07QM11","","","",0.00,"","","","EP1CLNT020","","QA11","","","000000","","","","","","","","",""
"020","4909751707","2018","WQ","WA","PR","20180124","20180124","20180124","170250","00000000","EP07QM11","","","",0.00,"","","","EP1CLNT020","","QA11","","","000000","","","","","","","","",""
"020","4909751720","2018","WQ","WA","PR","20180124","20180124","20180124","170250","00000000","EP07QM11","","","",0.00,"","","","EP1CLNT020","","QA11","","","000000","","","","","","","","",""
"020","4909751722","2018","WQ","WA","PR","20180124","20180124","20180124","170301","00000000","EP07QM11","","","",0.00,"","","","EP1CLNT020","","QA11","","","000000","","","","","","","","",""
"020","4909751723","2018","WQ","WA","PR","20180124","20180124","20180124","170301","00000000","EP07QM11","","","",0.00,"","","","EP1CLNT020","","QA11","","","000000","","","","","","","","",""
"020","4909751725","2018","WQ","WA","PR","20180124","20180124","20180124","170311","00000000","EP07QM11","","","",0.00,"","","","EP1CLNT020","","QA11","","","000000","","","","","","","","",""
"020","4909751726","2018","WQ","WA","PR","20180124","20180124","20180124","170311","00000000","EP07QM11","","","",0.00,"","","","EP1CLNT020","","QA11","","","000000","","","","","","","","",""
