MANDT,BDZEI,PDATU,WDATU,AENAM,LAEDA,MEINS,PLNMG,ENTMG,UPLMG,ENTLI,ENTLU,PERXX,SERNR,VERID,ERFME,ERFMG,UMREZ,UMREN,FIXMG,TXTET,LOEVR,CUOBJ,STPKT,TECHS,ACC_PAST,FSH_SEASON_YEAR,FSH_SEASON,FSH_COLLECTION,FSH_THEME
"020","000000000243","20050401","00000000","Abbau-","20050412","STR",0.000,40000.000,0.000,"3","3","200504","","","",0.000,0,0,0.000,"","","000000000000000000","","","","","","",""
"020","000000000248","20050801","00000000","Abbau-","20050919","STR",0.000,40000.000,0.000,"3","3","200508","","","",0.000,0,0,0.000,"","","000000000000000000","","","","","","",""
"020","000000000250","20051201","00000000","Abbau-","20060109","STR",0.000,40000.000,0.000,"3","3","200512","","","",0.000,0,0,0.000,"","","000000000000000000","","","","","","",""
"020","000000000252","20060101","00000000","Abbau-","20060131","STR",0.000,40000.000,0.000,"3","3","200601","","","",0.000,0,0,0.000,"","","000000000000000000","","","","","","",""
"020","000000000320","20050601","00000000","Abbau-","20050620","STR",0.000,20000.000,0.000,"3","3","200506","","","",0.000,0,0,0.000,"","","000000000000000000","","","","","","",""
"020","000000000329","20091201","00000000","Abbau-","20100130","STR",0.000,20000.000,0.000,"3","3","200912","","","",0.000,0,0,0.000,"","","000000000000000000","","","","","","",""
"020","000000000329","20100601","00000000","Abbau-","20100731","STR",0.000,40000.000,0.000,"3","3","201006","","","",0.000,0,0,0.000,"","","000000000000000000","","","","","","",""
"020","000000000334","20051001","00000000","Abbau-","20051029","STR",0.000,40000.000,0.000,"3","3","200510","","","",0.000,0,0,0.000,"","","000000000000000000","","","","","","",""
"020","000000000339","20050501","00000000","Abbau-","20050525","STR",0.000,40000.000,0.000,"3","3","200505","","","",0.000,0,0,0.000,"","","000000000000000000","","","","","","",""
"020","000000000581","20060101","00000000","Abbau-","20060205","STR",0.000,40000.000,0.000,"3","3","200601","","","",0.000,0,0,0.000,"","","000000000000000000","","","","","","",""
