MANDT,PLNTY,PLNNR,PLNAL,PLNFL,PLNKN,ZAEHL,DATUV,TECHV,AENNR,LOEKZ,PARKZ,ANDAT,ANNAM,AEDAT,AENAM,VALID_TO,LOEKZ_INHERITED,VERSN,VERSN_SOURCE,VERSN_SOURCE_PLNFL,VERSN_SOURCE_PLNKN
"020","2","50034207","01","000000","00000001","00000001","20230322","","","","","20230322","MGAIKWAD","20230322","MGAIKWAD","99991231","","","","","00000000"
"020","2","50034208","01","000000","00000001","00000001","20230322","","","","","20230322","MGAIKWAD","20230322","MGAIKWAD","99991231","","","","","00000000"
"020","2","50034209","01","000000","00000001","00000001","20230322","","","","","20230322","MGAIKWAD","20230322","MGAIKWAD","99991231","","","","","00000000"
"020","2","50034210","01","000000","00000001","00000001","20230322","","","","","20230322","MGAIKWAD","20230322","MGAIKWAD","99991231","","","","","00000000"
"020","2","50034213","01","000000","00000001","00000001","20230322","","","","","20230322","MGAIKWAD","20230322","MGAIKWAD","99991231","","","","","00000000"
"020","2","50034214","01","000000","00000001","00000001","20230322","","","","","20230322","MGAIKWAD","20230322","MGAIKWAD","99991231","","","","","00000000"
"020","2","50034215","01","000000","00000001","00000001","20230322","","","","","20230322","MGAIKWAD","20230322","MGAIKWAD","99991231","","","","","00000000"
"020","2","50034216","01","000000","00000001","00000001","20230322","","","","","20230322","MGAIKWAD","20230322","MGAIKWAD","99991231","","","","","00000000"
"020","2","50034219","01","000000","00000001","00000001","20230322","","","","","20230322","MGAIKWAD","20230322","MGAIKWAD","99991231","","","","","00000000"
"020","2","50034220","01","000000","00000001","00000001","20230322","","","","","20230322","MGAIKWAD","20230322","MGAIKWAD","99991231","","","","","00000000"
