MANDANT,PRUEFLOS,WERK,ART,HERKUNFT,OBJNR,OBTYP,STSMA,QMATAUTH,STAT11,INSMK,STAT01,STAT02,STAT04,STAT06,STAT07,STAT08,STAT09,STAT10,STAT14,STAT16,STAT18,STAT19,STAT20,STAT21,STAT22,STAT23,STAT24,STAT25,STAT29,STAT26,STAT27,STAT28,STAT31,STAT34,STAT35,STAT45,STAT46,STAT47,STAT48,STAT49,STAT50,KZSKIPLOT,DYN,HPZ,EIN,ANZSN,KZDYNERF,DYNHEAD,STPRVER,EXTNUM,STAFO,STAT30,QINFSTATUS,ENSTEHDAT,ENTSTEZEIT,ERSTELLER,ERSTELDAT,ERSTELZEIT,AENDERER,AENDERDAT,AENDERZEIT,PASTRTERM,PASTRZEIT,PAENDTERM,PAENDZEIT,PLNTY,PLNNR,PPLVERW,PLNAL,ZAEHL,ZKRIZ,STAT15,SLWBEZ,STAT13,PPKZTLZU,ZAEHL1,PRBNAVERF,PRBNAVV,STAT12,SELMATNR,SELREVLV,SELWERK,SELLIFNR,STAT17,SELHERST,SELKUNNR,SELPPLVERW,GUELTIGAB,AUFNR,AUFPL,CUOBJ,CUOBJ_CH,VERID,SA_AUFNR,KUNNR,LIFNR,HERSTELLER,EMATNR,MATNR,REVLV,XCHPF,CHARG,LAGORTCHRG,ZEUGNISBIS,VFDAT,LICHN,SOBKZ,PS_PSP_PNR,KDAUF,KDPOS,EKORG,EBELN,EBELP,ETENR,BLART,MJAHR,MBLNR,ZEILE,BUDAT,BWART,WERKVORG,LAGORTVORG,LGNUM,LGTYP,LGPLA,LS_KDAUF,LS_KDPOS,LS_VBELN,LS_POSNR,LS_ABRVW,LS_ROUTE,LS_LLAND,LS_KUNAG,LS_VKORG,LS_KDMAT,SPRACHE,KTEXTLOS,LTEXTKZ,KTEXTMAT,ZUSMKZAEHL,OFFENNLZMK,OFFEN_LZMK,LOSMENGE,MENGENEINH,ANZGEB,GEBEH,LVS_STIKZ,LVS_STIMG,GESSTICHPR,EINHPROBE,DYNREGEL,STAT44,PRSTUFE,PRSCHAERFE,LMENGE01,LMENGE02,LMENGE03,LMENGE04,LMENGE05,LMENGE06,MATNRNEU,CHARGNEU,LMENGE07,LMENGE08,LMENGE09,LMENGEZUB,LMENGELZ,LMENGEPR,LMENGEZER,LMENGEIST,LMENGESCH,LTEXTKZBB,ANTEIL,QKZVERF,STAT03,QPMATLOS,AUFNR_CO,KZVBR,KNTTP,PSTYP,STAT05,KOSTL,AUFPS,ANLN1,ANLN2,KONT_PSPNR,NPLNR,APLZL,KONT_KDAUF,KONT_KDPOS,IMKEY,DABRZ,KSTRG,PAOBJNR,PRCTR,GSBER,KONTO,KOKRS,BUKRS,SERNP,LOS_REF,BEARBSTATU,STAT32,STAT33,STAT36,STAT37,STAT38,STAT39,STAT40,STAT41,STAT42,STAT43,MENGU,KZPZADR,KZPRADR,ZUSCH,ZUSTD,KZERSTLIEF,KZERSTMUST,ADDON_DUMMY,WARPL,WAPOS,ABNUM,STRAT,TRIALID,RESPONSIBLE,INSP_DOC_NUMBER,LOG_SYSTEM,GESSTICHPR_EXT,EINHPROBE_EXT,PRIO_PUNKTE,SIGN_TYPE_RR,SIGN_TYPE_UD,SIGN_TYPE_SM,SIGNSTRAT_RR,SIGNSTRAT_UD,SIGNSTRAT_SM,ZZEQUNR,ZZEQFNR,CHANGEDDATETIME,CVP_XBLCK,DUMMY_QALS_INCL_EEW_PS,LOT_GUID,SETUP_ORIG,EWM_IS_LOCAL,CAT_FROM,CATLOCN_TO,PROCESS_STEP,COO,INSP_GROUP,INBOUND_PROC,IOT_GUID,RLGRP,EXCCODE,/CWM/LOSMENGE,/CWM/MENGENEINH,/CWM/LMENGE01,/CWM/LMENGE02,/CWM/LMENGE03,/CWM/LMENGE04,/CWM/LMENGE05,/CWM/LMENGE06,/CWM/LMENGE07,/CWM/LMENGE08,/CWM/LMENGE09,/CWM/LMENGEZUB,/CWM/LMENGEIST,LS_EQUNR,LS_TPLNR,WITHDRAWN_SAMPLE_QTY,SGT_SCAT,SGT_REL
"020","080000524709","EMHA","08","08","QL080000524709","QL3","QM_L_004","","","X","X","","","","","","","","X","","","X","","","","","","","","","","","","X","X","","","","","","","","","X","",0,"","","","","000021","1","","20130826","094522","EMHASD04","20130826","094522","","00000000","000000","20130826","000000","20130826","000000","","","","","00000000","0000000","","","","","00000000","","","","","","","","","","","","00000000","","0000000000","000000000000000000","000000000000000000","","","","","","","000000000424440068","","X","16A12002","EPSL","00000000","00000000","16A12002","","00000000","","000000","POED","4700153519","00010","0000","","2013","5000962919","0001","20130826","101","EMHA","EPSL","","","","","000000","","000000","","","","","","","E","","","ANTIPLAR TABLETS 10X10 T [ALU-ALU]",0,0,0,1.000,"STR",1.000,"NO","",0.000,1.000,"STR","","","0000","000",0.000,0.000,0.000,1.000,0.000,0.000,"","",0.000,0.000,0.000,0.000,0.000,1.000,0.000,1.000,0.000,"X",0,"06","",0,"","","","7","","","0000","","","00000000","","00000000","","000000","","00000000","","0000000000","","","","","","","000000000000","","","","","","","","","","","","","","","","","","","","","",0,"","","","","",0.000,"",0,"","","","","","","","",0,"","",NULL,"","","","","","","","",NULL,"","",0.000,"",0.000,0.000,0.000,0.000,0.000,0.000,0.000,0.000,0.000,0.000,0.000,"","","0.00000000000000","",""
"020","080000392763","EMHA","08","08","QL080000392763","QL3","QM_L_004","","","X","X","","","","","","","","X","","","X","","","","","","","","","","","","X","X","","","","","","","","","X","",0,"","","","","000021","1","","20121129","083347","EMHASD04","20121129","083347","","00000000","000000","20121129","000000","20121129","000000","","","","","00000000","0000000","","","","","00000000","","","","","","","","","","","","00000000","","0000000000","000000000000000000","000000000000000000","","","","","","","000000000424440092","","X","16A11004","EPSL","00000000","00000000","16A11004","","00000000","","000000","POED","4700133637","00010","0000","","2012","5000857046","0001","20121129","101","EMHA","EPSL","","","","","000000","","000000","","","","","","","E","","","PAUSE-MF TABLETS 5X10 T",0,0,0,1.000,"STR",1.000,"NO","",0.000,1.000,"STR","","","0000","000",0.000,0.000,0.000,1.000,0.000,0.000,"","",0.000,0.000,0.000,0.000,0.000,1.000,0.000,1.000,0.000,"X",0,"06","",0,"","","","7","","","0000","","","00000000","","00000000","","000000","","00000000","","0000000000","","","","","","","000000000000","","","","","","","","","","","","","","","","","","","","","",0,"","","","","",0.000,"",0,"","","","","","","","",0,"","",NULL,"","","","","","","","",NULL,"","",0.000,"",0.000,0.000,0.000,0.000,0.000,0.000,0.000,0.000,0.000,0.000,0.000,"","","0.00000000000000","",""
"020","080000400288","EMHA","08","08","QL080000400288","QL3","QM_L_004","","","X","X","","","","","","","","X","","","X","","","","","","","","","","","","X","X","","","","","","","","","X","",0,"","","","","000021","1","","20121214","162949","EMHASD04","20121214","162949","","00000000","000000","20121214","000000","20121214","000000","","","","","00000000","0000000","","","","","00000000","","","","","","","","","","","","00000000","","0000000000","000000000000000000","000000000000000000","","","","","","","000000000421110776","","X","LAA11002","EPSL","00000000","00000000","LAA11002","","00000000","","000000","POED","4700135263","00010","0000","","2012","5000863271","0001","20121214","101","EMHA","EPSL","","","","","000000","","000000","","","","","","","E","","","JUSTINEX - 30 TABLETS 10X6 T",0,0,0,1.000,"STR",1.000,"NO","",0.000,1.000,"STR","","","0000","000",0.000,0.000,0.000,1.000,0.000,0.000,"","",0.000,0.000,0.000,0.000,0.000,1.000,0.000,1.000,0.000,"X",0,"06","",0,"","","","7","","","0000","","","00000000","","00000000","","000000","","00000000","","0000000000","","","","","","","000000000000","","","","","","","","","","","","","","","","","","","","","",0,"","","","","",0.000,"",0,"","","","","","","","",0,"","",NULL,"","","","","","","","",NULL,"","",0.000,"",0.000,0.000,0.000,0.000,0.000,0.000,0.000,0.000,0.000,0.000,0.000,"","","0.00000000000000","",""
"020","080000416118","EMHA","08","08","QL080000416118","QL3","QM_L_004","","","X","X","","","","","","","","X","","","X","","","","","","","","","","","","X","X","","","","","","","","","X","",0,"","","","","000021","1","","20121229","170052","EMHASD04","20121229","170052","","00000000","000000","20121229","000000","20121229","000000","","","","","00000000","0000000","","","","","00000000","","","","","","","","","","","","00000000","","0000000000","000000000000000000","000000000000000000","","","","","","","000000000421110070","","X","LAA11002","EPSL","00000000","00000000","LAA11002","","00000000","","000000","POED","4700136042","00010","0000","","2012","5000868950","0001","20121229","101","EMHA","EPSL","","","","","000000","","000000","","","","","","","E","","","FERIUM XT DROPS 15ml",0,0,0,1.000,"BOT",1.000,"NO","",0.000,1.000,"BOT","","","0000","000",0.000,0.000,0.000,1.000,0.000,0.000,"","",0.000,0.000,0.000,0.000,0.000,1.000,0.000,1.000,0.000,"X",0,"06","",0,"","","","7","","","0000","","","00000000","","00000000","","000000","","00000000","","0000000000","","","","","","","000000000000","","","","","","","","","","","","","","","","","","","","","",0,"","","","","",0.000,"",0,"","","","","","","","",0,"","",NULL,"","","","","","","","",NULL,"","",0.000,"",0.000,0.000,0.000,0.000,0.000,0.000,0.000,0.000,0.000,0.000,0.000,"","","0.00000000000000","",""
"020","080000416348","EMHA","08","08","QL080000416348","QL3","QM_L_004","","","X","X","","","","","","","","X","","","X","","","","","","","","","","","","X","X","","","","","","","","","X","",0,"","","","","000021","1","","20121229","170238","EMHASD04","20121229","170238","","00000000","000000","20121229","000000","20121229","000000","","","","","00000000","0000000","","","","","00000000","","","","","","","","","","","","00000000","","0000000000","000000000000000000","000000000000000000","","","","","","","000000000424440004","","X","16A12004","EPSL","00000000","00000000","16A12004","","00000000","","000000","POED","4700136048","00010","0000","","2012","5000868953","0001","20121229","101","EMHA","EPSL","","","","","000000","","000000","","","","","","","E","","","ASOMEX - LT TABLETS 2X3X10 T",0,0,0,1.000,"STR",1.000,"NO","",0.000,1.000,"STR","","","0000","000",0.000,0.000,0.000,1.000,0.000,0.000,"","",0.000,0.000,0.000,0.000,0.000,1.000,0.000,1.000,0.000,"X",0,"06","",0,"","","","7","","","0000","","","00000000","","00000000","","000000","","00000000","","0000000000","","","","","","","000000000000","","","","","","","","","","","","","","","","","","","","","",0,"","","","","",0.000,"",0,"","","","","","","","",0,"","",NULL,"","","","","","","","",NULL,"","",0.000,"",0.000,0.000,0.000,0.000,0.000,0.000,0.000,0.000,0.000,0.000,0.000,"","","0.00000000000000","",""
"020","080000426773","EMHA","08","08","QL080000426773","QL3","QM_L_004","","","X","X","","","","","","","","X","","","X","","","","","","","","","","","","X","X","","","","","","","","","X","",0,"","","","","000021","1","","20130123","113621","EMHASD04","20130123","113621","","00000000","000000","20130123","000000","20130123","000000","","","","","00000000","0000000","","","","","00000000","","","","","","","","","","","","00000000","","0000000000","000000000000000000","000000000000000000","","","","","","","000000000421110124","","X","LAA11006","EPSL","00000000","00000000","LAA11006","","00000000","","000000","POED","4700135653","00010","0000","","2013","5000877367","0001","20130123","101","EMHA","EPSL","","","","","000000","","000000","","","","","","","E","","","OROFER  XT  DROPS 15ml",0,0,0,1.000,"BOT",1.000,"NO","",0.000,1.000,"BOT","","","0000","000",0.000,0.000,0.000,1.000,0.000,0.000,"","",0.000,0.000,0.000,0.000,0.000,1.000,0.000,1.000,0.000,"X",0,"06","",0,"","","","7","","","0000","","","00000000","","00000000","","000000","","00000000","","0000000000","","","","","","","000000000000","","","","","","","","","","","","","","","","","","","","","",0,"","","","","",0.000,"",0,"","","","","","","","",0,"","",NULL,"","","","","","","","",NULL,"","",0.000,"",0.000,0.000,0.000,0.000,0.000,0.000,0.000,0.000,0.000,0.000,0.000,"","","0.00000000000000","",""
"020","080000437985","EMHA","08","08","QL080000437985","QL3","QM_L_004","","","X","X","","","","","","","","X","","","X","","","","","","","","","","","","X","X","","","","","","","","","X","",0,"","","","","000021","1","","20130218","163425","EMHASD04","20130218","163425","","00000000","000000","20130218","000000","20130218","000000","","","","","00000000","0000000","","","","","00000000","","","","","","","","","","","","00000000","","0000000000","000000000000000000","000000000000000000","","","","","","","000000000424440131","","X","16A11004","EPSL","00000000","00000000","16A11004","","00000000","","000000","POED","4700139563","00010","0000","","2013","5000887121","0001","20130218","101","EMHA","EPSL","","","","","000000","","000000","","","","","","","E","","","ARMOD - 50 TABLETS 3X3X10T",0,0,0,1.000,"STR",1.000,"NO","",0.000,1.000,"STR","","","0000","000",0.000,0.000,0.000,1.000,0.000,0.000,"","",0.000,0.000,0.000,0.000,0.000,1.000,0.000,1.000,0.000,"X",0,"06","",0,"","","","7","","","0000","","","00000000","","00000000","","000000","","00000000","","0000000000","","","","","","","000000000000","","","","","","","","","","","","","","","","","","","","","",0,"","","","","",0.000,"",0,"","","","","","","","",0,"","",NULL,"","","","","","","","",NULL,"","",0.000,"",0.000,0.000,0.000,0.000,0.000,0.000,0.000,0.000,0.000,0.000,0.000,"","","0.00000000000000","",""
"020","080000439386","EMHA","08","08","QL080000439386","QL3","QM_L_004","","","X","X","","","","","","","","X","","","X","","","","","","","","","","","","X","X","","","","","","","","","X","",0,"","","","","000021","1","","20130219","104833","EMHASD04","20130219","104833","","00000000","000000","20130219","000000","20130219","000000","","","","","00000000","0000000","","","","","00000000","","","","","","","","","","","","00000000","","0000000000","000000000000000000","000000000000000000","","","","","","","000000000424440087","","X","16A11005","EPSL","00000000","00000000","16A11005","","00000000","","000000","POED","4700138509","00010","0000","","2013","5000887322","0001","20130219","101","EMHA","EPSL","","","","","000000","","000000","","","","","","","E","","","EMANZEN FORTE TABLETS 10X10 T",0,0,0,1.000,"STR",1.000,"NO","",0.000,1.000,"STR","","","0000","000",0.000,0.000,0.000,1.000,0.000,0.000,"","",0.000,0.000,0.000,0.000,0.000,1.000,0.000,1.000,0.000,"X",0,"06","",0,"","","","7","","","0000","","","00000000","","00000000","","000000","","00000000","","0000000000","","","","","","","000000000000","","","","","","","","","","","","","","","","","","","","","",0,"","","","","",0.000,"",0,"","","","","","","","",0,"","",NULL,"","","","","","","","",NULL,"","",0.000,"",0.000,0.000,0.000,0.000,0.000,0.000,0.000,0.000,0.000,0.000,0.000,"","","0.00000000000000","",""
"020","080000472814","EMHA","08","08","QL080000472814","QL3","QM_L_004","","","X","X","","","","","","","","X","","","X","","","","","","","","","","","","X","X","","","","","","","","","X","",0,"","","","","000021","1","","20130423","163931","EMHASD04","20130423","163931","","00000000","000000","20130423","000000","20130423","000000","","","","","00000000","0000000","","","","","00000000","","","","","","","","","","","","00000000","","0000000000","000000000000000000","000000000000000000","","","","","","","000000000424440131","","X","16A11005","EPSL","00000000","00000000","16A11005","","00000000","","000000","POED","4700143608","00010","0000","","2013","5000910546","0001","20130423","101","EMHA","EPSL","","","","","000000","","000000","","","","","","","E","","","ARMOD - 50 TABLETS 3X3X10T",0,0,0,1.000,"STR",1.000,"NO","",0.000,1.000,"STR","","","0000","000",0.000,0.000,0.000,1.000,0.000,0.000,"","",0.000,0.000,0.000,0.000,0.000,1.000,0.000,1.000,0.000,"X",0,"06","",0,"","","","7","","","0000","","","00000000","","00000000","","000000","","00000000","","0000000000","","","","","","","000000000000","","","","","","","","","","","","","","","","","","","","","",0,"","","","","",0.000,"",0,"","","","","","","","",0,"","",NULL,"","","","","","","","",NULL,"","",0.000,"",0.000,0.000,0.000,0.000,0.000,0.000,0.000,0.000,0.000,0.000,0.000,"","","0.00000000000000","",""
"020","080000492951","EMHA","08","08","QL080000492951","QL3","QM_L_004","","","X","X","","","","","","","","X","","","X","","","","","","","","","","","","X","X","","","","","","","","","X","",0,"","","","","000021","1","","20130618","173220","EMHASD04","20130618","173220","","00000000","000000","20130618","000000","20130618","000000","","","","","00000000","0000000","","","","","00000000","","","","","","","","","","","","00000000","","0000000000","000000000000000000","000000000000000000","","","","","","","000000000424440065","","X","16A11004","EPSL","00000000","00000000","16A11004","","00000000","","000000","POED","4700148076","00010","0000","","2013","5000933592","0001","20130618","101","EMHA","EPSL","","","","","000000","","000000","","","","","","","E","","","NUSAR - ATN TABLETS 5X2X10 T",0,0,0,1.000,"STR",1.000,"NO","",0.000,1.000,"STR","","","0000","000",0.000,0.000,0.000,1.000,0.000,0.000,"","",0.000,0.000,0.000,0.000,0.000,1.000,0.000,1.000,0.000,"X",0,"06","",0,"","","","7","","","0000","","","00000000","","00000000","","000000","","00000000","","0000000000","","","","","","","000000000000","","","","","","","","","","","","","","","","","","","","","",0,"","","","","",0.000,"",0,"","","","","","","","",0,"","",NULL,"","","","","","","","",NULL,"","",0.000,"",0.000,0.000,0.000,0.000,0.000,0.000,0.000,0.000,0.000,0.000,0.000,"","","0.00000000000000","",""
