MANDANT,PRUEFLOS,VORGLFNR,MERKNR,DETAILERG,ATTRIBUT,ERSTELLER,ERSTELLDAT,AENDERER,AENDERDAT,PROBENR,STUECKNR,PRUEFER,PRUEFDATUV,PRUEFDATUB,PRUEFZEITV,PRUEFZEITB,PRUEFBEMKT,PRLTEXTKZ,LTEXTSPR,MESSWERTNI,MESSWERT,KATALGART1,GRUPPE1,CODE1,VERSION1,KATALGART2,GRUPPE2,CODE2,VERSION2,KATALGART3,GRUPPE3,CODE3,VERSION3,KATALGART4,GRUPPE4,CODE4,VERSION4,KATALGART5,GRUPVERS5,GRUPPE5,CODE5,VERSION5,ANZFEHLER,FEHLKLAS,MBEWERTG,ESTUECKNR,SERIALNR,MASCHINE,POSITION,ZEITERSTL,ZEITAEND,ORIGINAL_INPUT,DIFF_DEC_PLACES,INPPROC_READY,DUMMY_QASE_INCL_EEW_PS
"020","040000234391","00000001","0040","00000001","","EP16QM03","20110517","","00000000","000001","0001","EP16QM03","20110517","20110517","120050","120050","","","","X",19.190000000000001,"","","","","","","","","","","","","","","","","","","","","",0,"","A","0000","","","0000","120148","000000","19.19",0,"",""
"020","040000234901","00000001","0040","00000001","","EP16QM03","20110520","","00000000","000001","0001","EP16QM03","20110520","20110520","094425","094425","","","","X",19.190000000000001,"","","","","","","","","","","","","","","","","","","","","",0,"","A","0000","","","0000","094545","000000","19.19",0,"",""
"020","040000234920","00000001","0040","00000001","","EP16QM03","20110520","","00000000","000001","0001","EP16QM03","20110520","20110520","100206","100206","","","","X",19.18,"","","","","","","","","","","","","","","","","","","","","",0,"","A","0000","","","0000","100318","000000","19.18",0,"",""
"020","040000234933","00000001","0040","00000001","","EP16QM03","20110520","","00000000","000001","0001","EP16QM03","20110520","20110520","100751","100751","","","","X",19.18,"","","","","","","","","","","","","","","","","","","","","",0,"","A","0000","","","0000","100854","000000","19.18",0,"",""
"020","040000236303","00000001","0040","00000001","","EP16QM03","20110529","","00000000","000001","0001","EP16QM03","20110529","20110529","100056","100056","","","","X",19.18,"","","","","","","","","","","","","","","","","","","","","",0,"","A","0000","","","0000","100300","000000","19.18",0,"",""
"020","040000236304","00000001","0040","00000001","","EP16QM03","20110529","","00000000","000001","0001","EP16QM03","20110529","20110529","093612","093612","","","","X",19.190000000000001,"","","","","","","","","","","","","","","","","","","","","",0,"","A","0000","","","0000","093812","000000","19.19",0,"",""
"020","040000236308","00000001","0040","00000001","","EP16QM03","20110528","","00000000","000001","0001","EP16QM03","20110528","20110528","153236","153236","","","","X",19.190000000000001,"","","","","","","","","","","","","","","","","","","","","",0,"","A","0000","","","0000","153609","000000","19.19",0,"",""
"020","040000236871","00000001","0040","00000001","","EP16QM03","20110602","","00000000","000001","0001","EP16QM03","20110602","20110602","122059","122059","","","","X",19.190000000000001,"","","","","","","","","","","","","","","","","","","","","",0,"","A","0000","","","0000","122311","000000","19.19",0,"",""
"020","040000237436","00000001","0040","00000001","","EP16QM03","20110607","","00000000","000001","0001","EP16QM03","20110607","20110607","141312","141312","","","","X",19.190000000000001,"","","","","","","","","","","","","","","","","","","","","",0,"","A","0000","","","0000","142221","000000","19.19",0,"",""
"020","040000237794","00000001","0040","00000001","","EP16QM03","20110610","","00000000","000001","0001","EP16QM03","20110610","20110610","095230","095230","","","","X",19.190000000000001,"","","","","","","","","","","","","","","","","","","","","",0,"","A","0000","","","0000","095351","000000","19.19",0,"",""
