MANDT,QRKNR,SPUR,OEG,UEG,OWG,UWG,MIL,NIOEG,NIUEG,NIOWG,NIUWG,NIMIL,MANOEG,MANOWG,MANMIL,MANUWG,MANUEG,ENAME,EDATUM,EZEIT,ANAME,ADATUM,AZEIT
"020","000000000012","1",0,0,0,0,0,"","","","","","","","","","","VKADAM","20040903","094516","","00000000","000000"
"020","000000000013","1",0,0,0,0,0,"","","","","","","","","","","VKADAM","20040903","094516","","00000000","000000"
"020","000000000014","1",0,0,0,0,0,"","","","","","","","","","","VKADAM","20040903","094516","","00000000","000000"
"020","000000000015","1",0,0,0,0,0,"","","","","","","","","","","VKADAM","20040903","094516","","00000000","000000"
"020","000000000016","1",0,0,0,0,0,"","","","","","","","","","","VKADAM","20040903","094516","","00000000","000000"
"020","000000000017","1",0,0,0,0,0,"","","","","","","","","","","VKADAM","20040903","094516","","00000000","000000"
"020","000000000018","1",0,0,0,0,0,"","","","","","","","","","","VKADAM","20040903","094516","","00000000","000000"
"020","000000000019","1",0,0,0,0,0,"","","","","","","","","","","VKADAM","20040903","094516","","00000000","000000"
"020","000000000020","1",0,0,0,0,0,"","","","","","","","","","","VKADAM","20040903","094516","","00000000","000000"
"020","000000000021","1",0,0,0,0,0,"","","","","","","","","","","VKADAM","20040903","094516","","00000000","000000"
