MANDANT,PRUEFLOS,KZART,ZAEHLER,VKATART,VWERKS,VAUSWAHLMG,VCODEGRP,VCODE,VERSIONAM,VERSIONCD,VBEWERTUNG,DBEWERTUNG,VFOLGEAKTI,QKENNZAHL,LTEXTKZ,VNAME,VDATUM,VEZEITERF,VAENAME,VAEDATUM,VEZEITAEN,STAFO,TEILLOS,VORGLFNR,QFOL_UP_EXE,DUMMY_QAVE_INCL_EEW_PS
"020","080000930583","L","","3","EP07","08","E08","A5","000001","000001","A","","QNDATUP",100,"","EP07QM07","20160714","084627","","00000000","000000","000021","000000","00000000","",""
"020","080000930609","L","","3","EP07","08","E08","A5","000001","000001","A","","QNDATUP",100,"","EP07QM07","20160714","084628","","00000000","000000","000021","000000","00000000","",""
"020","080000933612","L","","3","EP07","08","E08","A5","000001","000001","A","","QNDATUP",100,"","EP07QM07","20160714","085922","","00000000","000000","000021","000000","00000000","",""
"020","080000936233","L","","3","EP07","08","E08","A5","000001","000001","A","","QNDATUP",100,"","EP07QM07","20160714","085927","","00000000","000000","000021","000000","00000000","",""
"020","080000936942","L","","3","EP07","08","E08","A5","000001","000001","A","","QNDATUP",100,"","EP07QM07","20160714","085930","","00000000","000000","000021","000000","00000000","",""
"020","080000936948","L","","3","EP07","08","E08","A5","000001","000001","A","","QNDATUP",100,"","EP07QM07","20160714","085044","","00000000","000000","000021","000000","00000000","",""
"020","080000939333","L","","3","EP07","08","E08","A5","000001","000001","A","","QNDATUP",100,"","EP07QM07","20160714","085158","","00000000","000000","000021","000000","00000000","",""
"020","080000939334","L","","3","EP07","08","E08","A5","000001","000001","A","","QNDATUP",100,"","EP07QM07","20160714","085159","","00000000","000000","000021","000000","00000000","",""
"020","080000939335","L","","3","EP07","08","E08","A5","000001","000001","A","","QNDATUP",100,"","EP07QM07","20160714","085206","","00000000","000000","000021","000000","00000000","",""
"020","080000939826","L","","3","EP07","08","E08","A5","000001","000001","A","","QNDATUP",100,"","EP07QM07","20160714","085150","","00000000","000000","000021","000000","00000000","",""
