MANDT,ART,MATNR,WERKS,PPL,SPEZUEBER,CONF,TLS,APP,MER,INSMK,AVE,STICHPRVER,DYNREGEL,SPROZ,HPZ,DYN,MPB,MST,EIN,MPDAU,CHG,QKZVERF,QPMAT,KZPRFKOST,AUFNR_CO,AKTIV,APA,AFR,MMA,FEH,PRFRQ,NKMPR,MS_FLAG,CHG_ORIG_17
"020","09","000000000110000345","EP04","X","","","","X","X","","","","",0,"","","","","",0,"","06",0.0000,"","","X","","","","",0,"00000000","",""
"020","09","000000000916000061","EP04","X","","","","X","X","","","","",0,"","","","","",0,"","06",0.0000,"","","X","","","","",0,"00000000","",""
"020","09","000000000980000172","EP04","X","","","","X","X","","","","",0,"","","","","",0,"","06",0.0000,"","","X","","","","",0,"00000000","",""
"020","09","510000013IN01","EP04","X","","","","X","X","","","","",0,"","","","","",0,"","06",0.0000,"","","X","","","","",0,"00000000","",""
"020","09","510000028IN01","EP04","X","","","","X","X","","","","",0,"","","","","",0,"","06",0.0000,"","","X","","","","",0,"00000000","",""
"020","09","510000063IN01","EP04","X","","","","X","X","","","","",0,"","","","","",0,"","06",0.0000,"","","X","","","","",0,"00000000","",""
"020","09","510000069IN01","EP04","X","","","","X","X","","","","",0,"","","","","",0,"","06",0.0000,"","","X","","","","",0,"00000000","",""
"020","09","510000077IN01","EP04","X","","","","X","X","","","","",0,"","","","","",0,"","06",0.0000,"","","X","","","","",0,"00000000","",""
"020","09","510000088IN01","EP04","X","","","","X","X","","","","",0,"","","","","",0,"","06",0.0000,"","","X","","","","",0,"00000000","",""
"020","09","510000298KE01","EP04","X","","","","X","X","","","","",0,"","","","","",0,"","06",0.0000,"","","X","","","","",0,"00000000","",""
