MANDT,WERKS,NAME1,BWKEY,KUNNR,LIFNR,FABKL,NAME2,STRAS,PFACH,PSTLZ,ORT01,EKORG,VKORG,CHAZV,KKOWK,KORDB,BEDPL,LAND1,REGIO,COUNC,CITYC,ADRNR,IWERK,TXJCD,VTWEG,SPART,SPRAS,WKSOP,AWSLS,CHAZV_OLD,VLFKZ,BZIRK,ZONE1,TAXIW,BZQHL,LET01,LET02,LET03,TXNAM_MA1,TXNAM_MA2,TXNAM_MA3,BETOL,J_1BBRANCH,VTBFI,FPRFW,ACHVM,DVSART,NODETYPE,NSCHEMA,PKOSA,MISCH,MGVUPD,VSTEL,MGVLAUPD,MGVLAREVAL,SOURCING,NO_DEFAULT_BATCH_MANAGEMENT,FSH_MG_ARUN_REQ,FSH_SEAIM,FSH_BOM_MAINTENANCE,FSH_GROUP_PR,ARUN_FIX_BATCH,OILIVAL,OIHVTYPE,OIHCREDIPI,STORETYPE,DEP_STORE
"000","0001","Werk 0001","0001","","","01","Walldorf","Berliner Alle 103","","10966","Berlin","0001","0001","","","","X","DE","","","","","","","01","01","D","","","","","","","","",10,20,30,"FT_PREF_DUNN","FT_PREF_DUNN_TWO","FT_PREF_FRAME","180","","","","","","","","","","","0001","","","","","","","","","","","","","",""
"020","0001","TIMB","0001","","","XX","0001","","","","","","","","","","","IN","","","","","","","","","E","","000001","","","","","","",0,0,0,"","","","000","","","","","","","","","","","","","","","","","","","","","","","","",""
"020","BBI1","GBPL--Patna GK","BBI1","BBI1","BBI1","XX","EAST","","","800006","PATNA","","SOEB","","","","","IN","BR","","","0000051971","","","SI","EM","E","","","","","","","","",0,0,0,"","","","000","10G1","","","","","","","","","","","","","","","","","","","","","","","",""
"020","BAP1","GBPL--Hyderabad","BAP1","BAP1","BAP1","XX","SOUTH","","","500039","HYDERABAD","","SOEB","","","","","IN","TL","","","0000052246","","","SI","EM","E","","","","","","","","",0,0,0,"","","","000","36G1","","","","","","","","","","","","","","","","","","","","","","","",""
"020","ZH05","ZHL-SIKKIM","ZH05","ZH05","ZH05","XX","ZHL-SIKKIM","","","737132","SIKKIM","","SOZH","","","","X","IN","SK","","","0000143518","ZH05","","SI","EM","E","","","","","","","","",0,0,0,"","","","000","11Z1","","","","","","","","","","","","","","","","","","","","","","","",""
"020","BAP2","GBPL--Hyderabad (Kunal)","BAP2","BAP2","BAP2","XX","SOUTH","","","500003","HYDERABAD","","SOEB","","","","","IN","TL","","","0000145488","","","SI","EM","E","","","","","","","","",0,0,0,"","","","000","36G1","","","","","","","","","","","","","","","","","","","","","","","",""
"020","BCH1","GBPL--Raipur","BCH1","BCH1","BCH1","XX","WEST","","","493221","RAIPUR","","SOEB","","","","","IN","CT","","","0000052025","","","SI","EM","E","","","","","","","","",0,0,0,"","","","000","22G1","","","","","","","","","","","","","","","","","","","","","","","",""
"020","BCN1","GBPL--Chandigarh","BCN1","BCN1","BCN1","XX","NORTH","","","111111","CHANDIGARH","","SOEB","","","","","IN","CH","","","0000051972","","","SI","EM","E","","","","","","","","",0,0,0,"","","","000","EBT","","","","","","","","","","","","","","","","","","","","","","","",""
"020","EP26","EPL--SURENDRANAGAR (KADU)","EP26","EP26","EP26","XX","EPL--SURENDRANAGAR (KADU)","","","382775","SURENDRANAGAR","","SOEP","","","","X","IN","GJ","","","0000603798","","","SI","EM","E","","","","","","","","",0,0,0,"","","","000","24E1","","","","","","","","","","","","","","","","","","","","","","","",""
"020","ZAS3","ZHL--Shiprocket-Guwahati 1","ZAS3","ZAS3","ZAS3","XX","EAST","","","781033","Kamrup","","SOZH","","","","X","IN","AS","","","0001099428","","","SI","EM","E","","000001","","","","","","",0,0,0,"","","","000","18Z1","","","","","","","","","","","","","","","","","","","","","","","",""
