MANDT,MATKL,SPART,LREF3,WWGDA,WWGPA,ABTNR,BEGRU,GEWEI,J_1BNBM,BKLAS,EKWSL,ANLKL,LAST_CHANGED_AT
20,111010,,,,,,,,,,,111010,0
20,111020,,,,,,,,,,,111020,0
20,111030,,,,,,,,,,,111030,0
20,111040,,,,,,,,,,,111040,0
20,111053,,,,,,,,,,,111053,0
20,111058,,,,,,,,,,,111058,0
20,111059,,,,,,,,,,,111059,0
20,111060,,,,,,,,,,,111060,0
20,111070,,,,,,,,,,,111070,0
20,111080,,,,,,,,,,,111080,0
20,111100,,,,,,,,,,,111100,0
20,111110,,,,,,,,,,,111110,0
20,111120,,,,,,,,,,,111120,0
20,111130,,,,,,,,,,,111130,0
20,111140,,,,,,,,,,,111140,0
20,111500,,,,,,,,,,,111500,0
20,440048,,,,,,,,,,,,0
20,440060,,,,,,,,,,,,0
20,440225,,,,,,,,,,,,0
20,440262,,,,,,,,,,,,0
20,440358,,,,,,,,,,,,0
20,440410,,,,,,,,,,,,0
20,440480,,,,,,,,,,,,0
20,441480,,,,,,,,,,,,0
20,CG-01,,,,,,,,,,,,0
20,CG-02,,,,,,,,,,,,0
20,CG-03,,,,,,,,,,,,0
20,CG-04,,,,,,,,,,,,0
20,CG-05,,,,,,,,,,,,0
20,CG-06,,,,,,,,,,,,0
20,CG-07,,,,,,,,,,,,0
20,CG-08,,,,,,,,,,,,0
20,CG-09,,,,,,,,,,,,0
20,CG-10,,,,,,,,,,,,0
20,CG-11,,,,,,,,,,,,0
20,CG-12,,,,,,,,,,,,0
20,FM-01,,,,,,,,,,,,0
20,FM-02,,,,,,,,,,,,0
20,FM-03,,,,,,,,,,,,0
20,FM-04,,,,,,,,,,,,0
20,FM-05,,,,,,,,,,,,0
20,FM-06,,,,,,,,,,,,0
20,FM-07,,,,,,,,,,,,0
20,FM-08,,,,,,,,,,,,0
20,FM-09,,,,,,,,,,,,0
20,FM-10,,,,,,,,,,,,0
20,FM-11,,,,,,,,,,,,0
20,FM-12,,,,,,,,,,,,0
20,FM-13,,,,,,,,,,,,0
20,FM-14,,,,,,,,,,,,0
20,FM-15,,,,,,,,,,,,0
20,LC-01,,,,,,,,,,,,0
20,LC-02,,,,,,,,,,,,0
20,LC-03,,,,,,,,,,,,0
20,LC-04,,,,,,,,,,,,0
20,LC-05,,,,,,,,,,,,0
20,MISC-01,,,,,,,,,,,,0
20,MISC-02,,,,,,,,,,,,0
20,MISC-03,,,,,,,,,,,,0
20,MISC-04,,,,,,,,,,,,0
20,MISC-05,,,,,,,,,,,,0
20,MISC-06,,,,,,,,,,,,0
20,MISC-07,,,,,,,,,,,,0
20,PM-01,,,,,,,,,,,,0
20,PM-02,,,,,,,,,,,,0
20,PM-03,,,,,,,,,,,,0
20,PM-04,,,,,,,,,,,,0
20,PM-05,,,,,,,,,,,,0
20,PM-06,,,,,,,,,,,,0
20,PM-07,,,,,,,,,,,,0
20,PM-08,,,,,,,,,,,,0
20,PM-09,,,,,,,,,,,,0
20,PM-10,,,,,,,,,,,,0
20,PM-11,,,,,,,,,,,,0
20,PM-12,,,,,,,,,,,,0
20,PM-13,,,,,,,,,,,,0
20,PM-14,,,,,,,,,,,,0
20,PM-15,,,,,,,,,,,,0
20,PM-16,,,,,,,,,,,,0
20,PM-17,,,,,,,,,,,,0
20,PM-18,,,,,,,,,,,,0
20,PM-19,,,,,,,,,,,,0
20,PM-20,,,,,,,,,,,,0
20,PM-21,,,,,,,,,,,,0
20,PM-22,,,,,,,,,,,,0
20,PM-23,,,,,,,,,,,,0
20,PM-24,,,,,,,,,,,,0
20,PM-25,,,,,,,,,,,,0
20,PM-26,,,,,,,,,,,,0
20,PM-27,,,,,,,,,,,,0
20,PM-28,,,,,,,,,,,,0
20,PM-29,,,,,,,,,,,,0
20,PM-30,,,,,,,,,,,,0
20,PM-31,,,,,,,,,,,,0
20,PM-32,,,,,,,,,,,,0
20,PM-33,,,,,,,,,,,,0
20,PM-34,,,,,,,,,,,,0
20,PM-35,,,,,,,,,,,,0
20,PM-36,,,,,,,,,,,,0
20,PM-37,,,,,,,,,,,,0
20,PM-38,,,,,,,,,,,,0
20,PM-39,,,,,,,,,,,,0
20,PM-40,,,,,,,,,,,,0
20,PM-41,,,,,,,,,,,,0
20,PM-42,,,,,,,,,,,,0
20,PM-43,,,,,,,,,,,,0
20,PM-44,,,,,,,,,,,,0
20,PM-45,,,,,,,,,,,,0
20,PM-46,,,,,,,,,,,,0
20,PM-47,,,,,,,,,,,,0
20,PM-48,,,,,,,,,,,,0
20,PM-49,,,,,,,,,,,,0
20,PM-50,,,,,,,,,,,,0
20,PM-51,,,,,,,,,,,,0
20,PM-52,,,,,,,,,,,,0
20,PM-53,,,,,,,,,,,,0
20,PM-54,,,,,,,,,,,,0
20,PM-55,,,,,,,,,,,,0
20,PM-56,,,,,,,,,,,,0
20,PM-57,,,,,,,,,,,,0
20,PM-58,,,,,,,,,,,,0
20,PM-59,,,,,,,,,,,,0
20,PM-60,,,,,,,,,,,,0
20,PM-61,,,,,,,,,,,,0
20,PM-62,,,,,,,,,,,,0
20,PM-63,,,,,,,,,,,,0
20,PM-72,,,,,,,,,,,,0
20,PRM-01,,,,,,,,,,,,0
20,PRM-02,,,,,,,,,,,,0
20,PRM-03,,,,,,,,,,,,0
20,PRM-04,,,,,,,,,,,,0
20,PRM-05,,,,,,,,,,,,0
20,PRM-06,,,,,,,,,,,,0
20,PRM-07,,,,,,,,,,,,0
20,RM-01,,,,,,,,,,,,0
20,RM-02,,,,,,,,,,,,0
20,RM-03,,,,,,,,,,,,0
20,RM-04,,,,,,,,,,,,0
20,RM-05,,,,,,,,,,,,0
20,RM-06,,,,,,,,,,,,0
20,RM-07,,,,,,,,,,,,0
20,RM-08,,,,,,,,,,,,0
20,RM-09,,,,,,,,,,,,0
20,RM-10,,,,,,,,,,,,0
20,RM-11,,,,,,,,,,,,0
20,RM-12,,,,,,,,,,,,0
20,SER-01,,,,,,,,,SE01,1,,0
20,SER-02,,,,,,,,,,,,0
20,SER-03,,,,,,,,,,,,0
20,SER-04,,,,,,,,,,,,0
20,SER-05,,,,,,,,,,,,0
20,SER-06,,,,,,,,,,,,0
20,SER-07,,,,,,,,,,,,0
20,SER-08,,,,,,,,,,,,0
20,SER-09,,,,,,,,,,,,0
20,SER-10,,,,,,,,,,,,0
20,SER-11,,,,,,,,,,,,0
20,SER-12,,,,,,,,,,,,0
20,SER-13,,,,,,,,,,,,0
20,SER-14,,,,,,,,,,,,0
20,SER-15,,,,,,,,,,,,0
20,SER-16,,,,,,,,,,,,0
20,SER-17,,,,,,,,,,,,0
20,SER-18,,,,,,,,,,,,0
20,SER-19,,,,,,,,,,,,0
20,SER-20,,,,,,,,,,,,0
20,SER-21,,,,,,,,,,,,0
20,SER-22,,,,,,,,,,,,0
20,SER-23,,,,,,,,,,,,0
20,SER-24,,,,,,,,,,,,0
20,SER-25,,,,,,,,,,,,0
20,SER-26,,,,,,,,,,,,0
20,SER-27,,,,,,,,,,,,0
20,SER-28,,,,,,,,,,,,0
20,SER-29,,,,,,,,,,,,0
20,SER-30,,,,,,,,,,,,0
20,SER-31,,,,,,,,,,,,0
20,SER-32,,,,,,,,,,,,0
20,SER-33,,,,,,,,,,,,0
20,SER-34,,,,,,,,,,,,0
20,SER-35,,,,,,,,,,,,0
20,SER-36,,,,,,,,,,,,0
20,SER-37,,,,,,,,,,,,0
20,SER-38,,,,,,,,,,,,0
20,SER-39,,,,,,,,,,,,0
20,SER-40,,,,,,,,,,,,0
20,SER-41,,,,,,,,,,,,0
20,SER-42,,,,,,,,,,,,0
20,SER-43,,,,,,,,,,,,0
20,SER-44,,,,,,,,,,,,0
20,SER-45,,,,,,,,,,,,0
20,SER-46,,,,,,,,,,,,0
20,SER-47,,,,,,,,,,,,0
20,SER-48,,,,,,,,,,,,0
20,SER-49,,,,,,,,,,,,0
20,SER-50,,,,,,,,,,,,0
20,SER-51,,,,,,,,,,,,0
20,SER-52,,,,,,,,,,,,0
20,SER-53,,,,,,,,,,,,0
20,SER-54,,,,,,,,,,,,0
20,SER-55,,,,,,,,,,,,0
20,SER-56,,,,,,,,,,,,0
20,SER-57,,,,,,,,,,,,0
20,SER-58,,,,,,,,,,,,0
20,SER-59,,,,,,,,,,,,0
20,SER-60,,,,,,,,,,,,0
20,SER-61,,,,,,,,,,,,0
20,SER-62,,,,,,,,,,,,0
20,SF-01,,,,,,,,,,,,0
20,SF-02,,,,,,,,,,,,0
20,SF-03,,,,,,,,,,,,0
20,SF-04,,,,,,,,,,,,0
20,SF-05,,,,,,,,,,,,0
20,SF-06,,,,,,,,,,,,0
20,SF-07,,,,,,,,,,,,0
20,SF-08,,,,,,,,,,,,0
20,SF-09,,,,,,,,,,,,0
20,SF-10,,,,,,,,,,,,0
20,SF-11,,,,,,,,,,,,0
20,SF-12,,,,,,,,,,,,0
20,SF-13,,,,,,,,,,,,0
20,SF-14,,,,,,,,,,,,0
20,SF-15,,,,,,,,,,,,0
20,SF-16,,,,,,,,,,,,0
20,SF-17,,,,,,,,,,,,0
20,SF-18,,,,,,,,,,,,0
20,SF-19,,,,,,,,,,,,0
20,SF-20,,,,,,,,,,,,0
20,SF-21,,,,,,,,,,,,0
20,SF-22,,,,,,,,,,,,0
20,SF-23,,,,,,,,,,,,0
20,SF-24,,,,,,,,,,,,0
20,SF-25,,,,,,,,,,,,0
20,SF-26,,,,,,,,,,,,0
20,SF-27,,,,,,,,,,,,0
20,SF-28,,,,,,,,,,,,0
20,SF-35,,,,,,,,,,,,0
20,SPR-01,,,,,,,,,,,,0
20,SPR-02,,,,,,,,,,,,0
20,WA-01,,,,,,,,,,,,0
