MANDT,AUART,KOPGR,LFARV,FKARV,FKARA,NUMKI,NUMKE,INCPO,UEVOR,AUGRP,UMFNG,DABAR,PARGR,FAKSK,LIFSK,TRVOG,SPAPO,SPAPR,VSTRM,TRTRM,TXN08,DIAFE,FELDK,DATVO,AWAHR,VBTYP,VSBED,BEZOB,TXTGR,KALVG,ERNAM,FEHGR,INFLS,KUNN0,KLIMP,KALSM,KAPPL,KSCHL,SPERR,STGAK,KALSU,KALLI,KALAU,FKAIV,CMGRA,OBJART_HIN,OBJART_VER,HITYP_PR,ABRVW,ABDIS,KPRGBZ,PRDATV,VLAUF,GUEBGV,VTERL,HNWAG,HNWKM,STSMA,LISOF,AUARA,KORLI,VPROF,AUFAK,DIAPA,FPART,KSCHL_KO,EXCOK,EXMOD,KSKPF,KSPOS,LIFSM,FKTKT,EXDIA,ABGRU_IN,PRBST,SCHEME_GRP,HNWGK,PUSH_GRP,ABRUF_PART,RPART,AKTFI,VBKLT,J_1BNFTYPE,INCUP,BABSS,EMPFI,DELCF,CCPGR,EXCBC,EXCEM,EXCLG,HNWK2,EXTNR_RMA,TDID,AAUART1,AAUART2,RFPA_SW,VARIANT,ATPGM,VERLI,TENUR,J_1AFCTYPE,FAUPR,PVBSM,BPROC,ERMAT,BSTVO,MSR_ACTIVE,MSR_NEXT_NUMBER,MSR_AUARA,MSR_BILLING_BLK,MSR_CM_IMMEDIATE,MSR_LFART,FCS_ACTIVE,MSR_DELIVERY_BLK,MSR_SDF_AUART,RDP_PROFILE,FKART_MEV_POST,FKART_MEV_POST_IB,FSH_VASS_ACT,FSH_VASS_KALSM,FSH_VASS_DEL,FSH_VASS_DETDT,FSH_CQ_CHECK,BEWAZ,ITMAC,PRE_DOC_DISP,MSR_DIALOG_IF_BLOCKED,VBVWE,/SAPMP/PDACT,/SAPMP/PPROT,/SAPMP/PUSER,/SAPMP/PAUSW,/SAPMP/GAUF,/SAPMP/CEACT,AD01AURET,AD04NUMFLG,FSH_VAR_KALSM,FSH_SO_IDOC,FSH_DPR_DETPRO,FSH_MSOIND,FSH_MSOAUART,FSH_VAS_CORR,FSH_AUTO_DC,KALGT,J_3GKBAUL,MILL_SE_ATNAM,OIPIPEVAL,OIISOILPD,OICSEGI,OIMSG_PRD,OIMSG_SHP,OIMSG_QTY,OIMSG_TRM,OIMSG_DAT,OIMSG_UOM,OIPRTFNC,OIFCONTI,OICFKARTDI,OIPARVW1,OIPARVW2,OIPARVW3,OIPARVW4,OIPARVW5,OIPARVW6,OIPARVW7,OIPARVW8,OIPARVW9,OISUBHEAD,OISUBITEM,OIUSEREXIT,OIU_FKARA,CUSTH_UNIV_SALES_RELVNCE,MSR_GRQC_LFART,REQD_DATE_ROUTINE_NO,FLEXNUM_ROUTINE_NO,PRCG_DATE_ROUTINE_NO,VALD_TO_DTE_ROUTINE_NO,RFM_BUS_SH_HDR,RFM_BUS_SH_ITM,RFM_VAS_PLANT_CHECK,LIFSP,RFM_BUS_DATA_DET,RFM_PROV_DOCUMENT,RFM_MSO_RESTORE,RFM_MSO_REDUCTION,RFM_VAS_ITMGRP_INCRMT
"000","01","PB","","","","11","12","000010","UER1","SM","UALL","","MA","","","B","","","","","","","LP","X","100","W","","","","C","SAP","","","X","","","","","","","","","","","","","","","","","","",0,"","","","","","","","","","","","","","","","","","","","","","","","","","","","","","","000010","","","","","","","","","","","","","","","","","","","","","","","","","","","","","","","","","","","","","","","","","","","","","","","","","","","","","","","","","","","","","","","","","","","","","","","","","","","","","","","","","","","","","","","000","","","","0000000","0000000","0000000","0000000","","","","","","","","","000"
"000","AA","AU","LF","F2","F2","01","02","000010","UER2","TA","UALL","1","TA","","","0","X","2","X","X","","","NA","X","100","C","01","","01","A","SAP","11","X","","","V10000","V1","BA00","","01","","","","IV","","SDIORDER","SDIORDCHAN","A","","","","",0,"","","","","","","","","","L2","A","01","EK02","","","","","","","","00","","","","","","","","","","000010","","","","","","","","","","","","","","","","","","","","","","","","","","","","","","","","","","","","","","","","","","","","","","","","","","","","","","","","","","","","","","","","","","","","","","","","","","","","","","","","","","","","","","","000","","","","0000000","0000000","0000000","0000000","","","","","","","","","000"
"000","AE","VT","","","F5","05","90","000010","UER2","AG","UALL","","TA","","","2","","","X","X","","","AG","X","070","B","","","01","V","SAP","","X","X","","V06000","V1","AN00","","01","","","","","","","","","","","","B",0,"A","","","","","","","","","","","","","C","","","","","","X","00","","","","","","","","","","000010","","","","","","","","","","","","","","","","","","","","","","","","","","","","","","","","","","","","","","","","","","","","","","","","","","","","","","","","","","","","","","","","","","","","","","","","","","","","","","","","","","","","","","","000","","","","0000000","0000000","0000000","0000000","","","","","","","","","000"
"000","AEBO","AU","LF","F2","F2","01","02","000010","UER1","TA","UALL","1","TA","","01","0","","","X","X","","","NA","X","100","C","01","","01","2","SAP","11","","","","V10000","V1","BA00","","01","","","","IV","","SDIORDER","SDIORDCHAN","A","","","","",0,"","","","","","","","","","","A","","EK02","","","","","","","","","","","","","","03","","","","000010","01","","","01","","","","","","","","","","","","","","","","","","","","","","","","","","","","","","","","","","","","","","","","","","","","","","","","","","","","","","","","","","","","","","","","","","","","","","","","","","","","","","","","","","","000","","","","0000000","0000000","0000000","0000000","","","","","","","","","000"
"000","AEBQ","AG","","","F5","05","06","000010","UER2","AG","UALL","","TA","","","2","X","","X","X","","","AG","X","100","B","","","01","0","SAP","10","X","X","","V06000","V1","AN00","","01","","","","","","","","","","","","",0,"","","","","","","","","","","","","","C","","","","","","X","","","","","","","","","","","000000","","","","","","","","","","","","","","","","","","","","","","","","","","","","","","","","","","","","","","","","","","","","","","","","","","","","","","","","","","","","","","","","","","","","","","","","","","","","","","","","","","","","","","","000","","","","0000000","0000000","0000000","0000000","","","","","","","","","000"
"000","AFLV","AG","","","","03","04","000010","UER2","AF","UALL","","TA","","","1","","","","","","","AG","X","030","A","","","01","S","SAP","","X","","D","V05000","V1","BSIP","","","","","","","01","","","","","","","B",0,"","","","","","","QBOS","","","","","","EKBS","C","","","","","","X","","","","","","","","","","","000000","","","","","","","","","","","","","","","","","","","","","","","","","","","","","","","","","","","","","","","","","","","","","","","","","","","","","","","","","","","","","","","","","","","","","","","","","","","","","","","","","","","","","","","000","","","","0000000","0000000","0000000","0000000","","","","","","","","","000"
"000","AG","AG","","","F5","05","90","000010","UER2","AG","UALL","","TA","","","2","","","X","X","","","AG","X","070","B","","","01","A","SAP","10","X","X","","V06000","V1","AN00","","01","","","","","","","","","","","","B",0,"A","","","","","","TA","","","","","","","C","","","","","","X","00","","","","","","","","","","000010","","","","","","","","","","","","","","","","","","","","","","","","","","","","","","","","","","","","","","","","","","","","","","","","","","","","","","","","","","","","","","","","","","","","","","","","","","","","","","","","","","","","","","","000","","","","0000000","0000000","0000000","0000000","","","","","","","","","000"
"000","AP","AG","","","","05","90","000010","UER2","AG","UALL","","TA","","","2","","","X","X","","","AG","X","070","B","","","01","P","SAP","10","X","X","","V06000","V1","AN00","A","01","","","","","","","","","","","","B",0,"A","","","","","","","","","","","","","C","","","","","","X","","","","","","","","","","","000010","","","","","","","","","","","","","","","","","","","","","","","","","","","","","","","","","","","","","","","","","","","","","","","","","","","","","","","","","","","","","","","","","","","","","","","","","","","","","","","","","","","","","","","000","","","","0000000","0000000","0000000","0000000","","","","","","","","","000"
"000","AR","AG","","","F5","05","90","000010","UER2","AG","UALL","","TA","","","2","","","X","X","","","AG","X","070","B","","","01","A","SAP","10","X","X","","V06000","V1","AN00","","01","","","","","","","","","","","","B",0,"A","","","","","","TA","","","","","","EK01","C","","","","","","X","00","","","","","","","","","","000010","","","","","","","","","","","","","","","","","","","","","","","","","","","","","","","","","","","","","","","","","","","","","","","","","","","","","","","","","","","","","","","","","","","","","","","","","","","","","","","","","","","","","","","000","","","","0000000","0000000","0000000","0000000","","","","","","","","","000"
"000","AS","AG","","","F5","05","90","000010","UER2","AG","UALL","","TA","","","2","","","X","X","","","AG","X","070","B","","","01","A","SAP","10","X","X","","V06000","V1","AN00","","01","","","","","","","","","","","","B",0,"A","","","","","","TA","","","","","","EK01","C","","","","","","X","00","","","","","","","","","","000010","","","","","","","","","","","","","","","","","","","","","","","","","","","","","","","","","","","","","","","","","","","","","","","","","","","","","","","","","","","","","","","","","","","","","","","","","","","","","","","","","","","","","","","000","","","","0000000","0000000","0000000","0000000","","","","","","","","","000"
