MANDT,VSTEL,FABKL,VTRZT,ADRNR,ALAND,AZONE,TXNAM_ADR,TXNAM_KOP,TXNAM_FUS,TXNAM_GRU,KSCHL,SPRAS,ANZAL,VSZTP,NACHA,LAZBS,RIZBS,LAZZT,RIZZT,KOQUI,KOMSU,IMESS,TXNAM_SDB,ALW_SW,LOADTG,LOADTN,PIPATG,PIPATN,TSTRID,ROUNDG,ROUNDN,AUTOMATIC_PICK
"000","0001","01",0.20,"","DE","0000000001","ADRS_SENDER","ADRS_HEADER","ADRS_FOOTER","ADRS_SIGNATURE","","",0,"","","C","C",0.00,0.00,"","","X","","",0,40000,0,60000,"1-SHIFT",0,0,""
"020","ZLZ2","XX",0.00,"0000806148","IN","","","","","","EK00","",0,"4","1","","",0.00,0.00,"","","","","",0,0,0,0,"",0,0,""
"020","AL01","XX",0.00,"0000678477","IN","","","","","","EK00","",0,"4","1","","",0.00,0.00,"","","","","",0,0,0,0,"",0,0,""
"020","BAP1","XX",0.00,"0000051996","IN","","","","","","EK00","",0,"4","1","","",0.00,0.00,"","","","","",0,0,0,0,"",0,0,""
"020","BAP2","XX",0.00,"0000145511","IN","","","","","","EK00","",0,"4","1","","",0.00,0.00,"","","","","",0,0,0,0,"",0,0,""
"020","BAS1","XX",0.00,"0000051997","IN","","","","","","EK00","",0,"4","1","","",0.00,0.00,"","","","","",0,0,0,0,"",0,0,""
"020","BBI1","XX",0.00,"0000051998","IN","","","","","","EK00","",0,"4","1","","",0.00,0.00,"","","","","",0,0,0,0,"",0,0,""
"020","BCH1","XX",0.00,"0000051999","IN","","","","","","EK00","",0,"4","1","","",0.00,0.00,"","","","","",0,0,0,0,"",0,0,""
"020","BCN1","XX",0.00,"0000052000","IN","","","","","","EK00","",0,"4","1","","",0.00,0.00,"","","","","",0,0,0,0,"",0,0,""
"020","BDE1","XX",0.00,"0000052001","IN","","","","","","EK00","",0,"4","1","","",0.00,0.00,"","","","","",0,0,0,0,"",0,0,""
