MANDT,VBELV,POSNV,VBELN,POSNN,VBTYP_N,RFMNG,MEINS,RFWRT,WAERS,VBTYP_V,PLMIN,TAQUI,ERDAT,ERZET,MATNR,BWART,BDART,PLART,STUFE,LGNUM,AEDAT,FKTYP,BRGEW,GEWEI,VOLUM,VOLEH,FPLNR,FPLTR,RFMNG_FLO,RFMNG_FLT,VRKME,ABGES,SOBKZ,SONUM,KZBEF,NTGEW,LOGSYS,WBSTA,CMETH,MJAHR,RUUID,_DATAAGING
"020","3221620424","000001","2421620466","000010","J",0.000,"STR",0.00,"","C","+","","20250630","093326","","601","01","1","00","","00000000","",0.000,"",0.000,"","","000000",0,0,"STR",0,"","","",0.000,"","","","0000",0x7F58B714AE601FD095ACE573CC9DB901,"00000000"
"020","3121621896","000001","2121622166","000010","J",0.000,"STR",0.00,"","C","+","","20250630","094726","","601","01","1","00","","00000000","",0.000,"",0.000,"","","000000",0,0,"STR",0,"","","",0.000,"","","","0000",0x7F58B714AE601FD095AD24203CE39A78,"00000000"
"020","3121621898","000001","2121622168","000010","J",0.000,"STR",0.00,"","C","+","","20250630","095105","","601","01","1","00","","00000000","",0.000,"",0.000,"","","000000",0,0,"STR",0,"","","",0.000,"","","","0000",0x7F58B714AE601FD095AD347124305AB9,"00000000"
"020","3302558283","000001","2502561431","000010","J",0.000,"STR",0.00,"","C","+","","20250630","095730","","601","01","1","00","","00000000","",0.000,"",0.000,"","","000000",0,0,"STR",0,"","","",0.000,"","","","0000",0x316E2918E9511FE095AD5122B4A32384,"00000000"
"020","3302558285","000001","2502561433","000010","J",0.000,"STR",0.00,"","C","+","","20250630","095813","","601","01","1","00","","00000000","",0.000,"",0.000,"","","000000",0,0,"STR",0,"","","",0.000,"","","","0000",0x6985B07CAD351FD095AD5441D4D0144F,"00000000"
"020","3302558289","000001","2502561435","000010","J",0.000,"STR",0.00,"","C","+","","20250630","100052","","601","01","1","00","","00000000","",0.000,"",0.000,"","","000000",0,0,"STR",0,"","","",0.000,"","","","0000",0x6985B07CAD351FD095AD601EF6D89506,"00000000"
"020","3302558290","000001","2502561436","000010","J",0.000,"STR",0.00,"","C","+","","20250630","100117","","601","01","1","00","","00000000","",0.000,"",0.000,"","","000000",0,0,"STR",0,"","","",0.000,"","","","0000",0x6985B07CAD351FD095AD620DA3F8D519,"00000000"
"020","3302558291","000001","2502561437","000010","J",0.000,"STR",0.00,"","C","+","","20250630","100205","","601","01","1","00","","00000000","",0.000,"",0.000,"","","000000",0,0,"STR",0,"","","",0.000,"","","","0000",0x6985B07CAD351FD095AD65AB51D9553A,"00000000"
"020","3302558292","000001","2502561438","000010","J",0.000,"STR",0.00,"","C","+","","20250630","100239","","601","01","1","00","","00000000","",0.000,"",0.000,"","","000000",0,0,"STR",0,"","","",0.000,"","","","0000",0x6985B07CAD351FD095AD6836B22C5559,"00000000"
"020","3102559039","000001","2102573695","000010","J",0.000,"STR",0.00,"","C","+","","20250630","100327","","601","01","1","00","","00000000","",0.000,"",0.000,"","","000000",0,0,"STR",0,"","","",0.000,"","","","0000",0x6985B07CAD351FD095AD6BB702D6B575,"00000000"
