MANDT,VBELN,POSNR,PARVW,KUNNR,LIFNR,PERNR,PARNR,ADRNR,ABLAD,LAND1,ADRDA,XCPDK,HITYP,PRFRE,BOKRE,HISTUNR,KNREF,LZONE,HZUOR,STCEG,PARVW_FF,ADRNP,KALE,_DATAAGING,DUMMY_SDDOCPARTNER_INCL_EEW_PS,ASSIGNED_BP,ADDR_OPERATION,ADDR_TYPE,BP_REF_ADRNR,SDM_VERSION
"020","1800003289","000000","WE","EMHA","","00000000","0000000000","0000041032","","IN","D","","","","","00","","","00","","","","","00000000","","0000500348","","1","","01"
"020","2600248911","000000","WE","EMHA","","00000000","0000000000","0000041032","","IN","D","","","","","00","","","00","","","","","00000000","","0000500348","","1","","01"
"020","2600248918","000000","WE","EMHA","","00000000","0000000000","0000041032","","IN","D","","","","","00","","","00","","","","","00000000","","0000500348","","1","","01"
"020","2600248923","000000","WE","EMHA","","00000000","0000000000","0000041032","","IN","D","","","","","00","","","00","","","","","00000000","","0000500348","","1","","01"
"020","2600248932","000000","WE","EMHA","","00000000","0000000000","0000041032","","IN","D","","","","","00","","","00","","","","","00000000","","0000500348","","1","","01"
"020","2600248944","000000","WE","EMHA","","00000000","0000000000","0000041032","","IN","D","","","","","00","","","00","","","","","00000000","","0000500348","","1","","01"
"020","2600248946","000000","WE","EMHA","","00000000","0000000000","0000041032","","IN","D","","","","","00","","","00","","","","","00000000","","0000500348","","1","","01"
"020","2600248948","000000","WE","EMHA","","00000000","0000000000","0000041032","","IN","D","","","","","00","","","00","","","","","00000000","","0000500348","","1","","01"
"020","2600248958","000000","WE","EMHA","","00000000","0000000000","0000041032","","IN","D","","","","","00","","","00","","","","","00000000","","0000500348","","1","","01"
"020","2600248963","000000","WE","EMHA","","00000000","0000000000","0000041032","","IN","D","","","","","00","","","00","","","","","00000000","","0000500348","","1","","01"
