MANDT,VBELN,POSNR,UEPOS,FKIMG,VRKME,UMVKZ,UMVKN,MEINS,SMENG,FKLMG,LMENG,NTGEW,BRGEW,GEWEI,VOLUM,VOLEH,GSBER,PRSDT,FBUDA,KURSK,NETWR,VBELV,POSNV,VGBEL,VGPOS,VGTYP,AUBEL,AUPOS,AUREF,MATNR,ARKTX,PMATN,CHARG,MATKL,PSTYV,POSAR,PRODH,VSTEL,ATPKZ,SPART,POSPA,WERKS,ALAND,WKREG,WKCOU,WKCTY,TAXM1,TAXM2,TAXM3,TAXM4,TAXM5,TAXM6,TAXM7,TAXM8,TAXM9,KOWRR,PRSFD,SKTOF,SKFBP,KONDM,KTGRM,KOSTL,BONUS,PROVG,EANNR,VKGRP,VKBUR,SPARA,SHKZG,ERNAM,ERDAT,ERZET,BWTAR,LGORT,STAFO,WAVWR,KZWI1,KZWI2,KZWI3,KZWI4,KZWI5,KZWI6,STCUR,UVPRS,UVALL,EAN11,PRCTR,KVGR1,KVGR2,KVGR3,KVGR4,KVGR5,MVGR1,MVGR2,MVGR3,MVGR4,MVGR5,MATWA,BONBA,KOKRS,PAOBJNR,PS_PSP_PNR,AUFNR,TXJCD,CMPRE,CMPNT,CUOBJ,CUOBJ_CH,KOUPD,UECHA,XCHAR,ABRVW,SERNR,BZIRK_AUFT,KDGRP_AUFT,KONDA_AUFT,LLAND_AUFT,MPROK,PLTYP_AUFT,REGIO_AUFT,VKORG_AUFT,VTWEG_AUFT,ABRBG,PROSA,UEPVW,AUTYP,STADAT,FPLNR,FPLTR,AKTNR,KNUMA_PI,KNUMA_AG,PREFE,MWSBP,AUGRU_AUFT,FAREG,UPMAT,UKONM,CMPRE_FLT,ABFOR,ABGES,J_1ARFZ,J_1AREGIO,J_1AGICD,J_1ADTYP,J_1ATXREL,J_1BCFOP,J_1BTAXLW1,J_1BTAXLW2,J_1BTXSDC,BRTWR,WKTNR,WKTPS,RPLNR,KURSK_DAT,WGRU1,WGRU2,KDKG1,KDKG2,KDKG3,KDKG4,KDKG5,VKAUS,J_1AINDXP,J_1AIDATEP,KZFME,MWSKZ,VERTT,VERTN,SGTXT,DELCO,BEMOT,RRREL,AKKUR,WMINR,VGBEL_EX,VGPOS_EX,LOGSYS,VGTYP_EX,J_1BTAXLW3,J_1BTAXLW4,J_1BTAXLW5,MSR_ID,MSR_REFUND_CODE,MSR_RET_REASON,NRAB_KNUMH,NRAB_VALUE,DISPUTE_CASE,FUND_USAGE_ITEM,FARR_RELTYPE,CLAIMS_TAXATION,KURRF_DAT_ORIG,SGT_RCAT,SGT_SCAT,AUFPL,APLZL,DPCNR,DCPNR,DPNRB,PEROP_BEG,PEROP_END,FONDS,FISTL,FKBER,GRANT_NBR,PRS_WORK_PERIOD,PPRCTR,PARGB,AUFPL_OAA,APLZL_OAA,CAMPAIGN,COMPREAS,WAERK,DRAFT,ACTIVEDOCUMENT,GRWRT,FKSAA,ABSTA,ABGRU,MWSK1,_DATAAGING,DUMMY_BILLGDOCITEM_INCL_EEW_PS,/CWM/MENGE,/CWM/MEINS,ZAPCGKI,APCGK_EXTENDI,ZABDATI,BOSFAR,DP_BELNR,DP_BUKRS,DP_GJAHR,DP_BUZEI,PACKNO,FMFGUS_KEY,FSH_SEASON_YEAR,FSH_SEASON,FSH_COLLECTION,FSH_THEME,BUDGET_PD,J_3GBELNRI,J_3GPMAUFE,J_3GPMAUFV,J_3GETYPA,J_3GETYPE,J_3GORGUEB,WRF_CHARSTC1,WRF_CHARSTC2,WRF_CHARSTC3,ZCIG_NO,BATCH_BILLING_VARIANT,TXDAT_FROM,PBD_ID,PBD_ITEM_ID,CATS_OVERTIME_CATEGORY,CONTR_DP_SETTL,PRODH_UNIV_SALES_PARNT_NODID,TRANSIT_PLANT,VCM_CHAIN_CATEGORY,VCM_CHAIN_UUID,REASON_CODE,SPE_HERKL,SPE_HERKR,ITM_COMCO,VTKEY,VTPOS,SRCDOC_PROCESS_TYPE,T2CCODE_CRCY_CONV_FACTOR,T2CNTRY_CRCY_CONV_FACTOR,SERVICE_DOC_TYPE,SERVICE_DOC_ID,SERVICE_DOC_ITEM_ID,SOLUTION_ORDER_ID,SOLUTION_ORDER_ITEM_ID,VBTYP_ANA,FKART_ANA,VKORG_ANA,VTWEG_ANA,KONDA_ANA,KDGRP_ANA,LAND1_ANA,REGIO_ANA,CITYC_ANA,BZIRK_ANA,GBSTK_ANA,VF_STATUS_ANA,KUNAG_ANA,KUNRG_ANA,FKDAT_ANA,BUKRS_ANA,COUNC_ANA,KNUMA_ANA,FKTYP_ANA,KNUMV_ANA,SFAKN_ANA,KUNWE_ANA,KUNRE_ANA,PERVE_ANA,PERZM_ANA,GLO_LOG_REF1_IT,TXS_BUSINESS_TRANSACTION,TXS_MATERIAL_USAGE,TXS_USAGE_PURPOSE
"020","5402100863","000001","000000",30.000,"STR",1,1,"STR",0.000,30.000,30.000,0.030,0.030,"KG",0.000,"","EP00","20100519","20100519",1.00000,4628.70,"","000000","2102100953","900001","J","3102100685","000001","","000000000421110624","CONSIVAS - 20 TABLETS 10X10 T [P TO P]","","EHC10001","FM-01","TAN","","","EMH1","","EM","000001","EMH1","IN","MH","","","A","","","","","","","","","","X","X",0.00,"02","02","","","","","A00","AA00","EM","","EMC_MH1","20100519","170808","","EPSL","",0.00,4628.70,0.00,0.00,0.00,0.00,0.00,1.00000,"","","","NUCRON","","","","","","","10%","","","","000000000421110624",0.00,"EMCU","0000000000","00000000","","",162.00,"X","000000000000000000","000000000000000000","","000000","X","","","MH24","01","01","IN","","01","MH","ECOM","SI","00000000","","","C","00000000","","000000","","","","",231.44,"","","","",162.00466666666668,"",0,"","","","","","","","","",0.00,"","000000","","20100519","","","","","","","","","","00000000","","","","","","","","",0.00000,"","","000000","","","","","","","","","",0.00,0x00000000000000000000000000000000,0x00000000000000000000000000000000,"","","00000000","","","0000000000","00000000","","000","000","00000000","00000000","","","","","0000000","","","0000000000","00000000",0x00000000000000000000000000000000,"","INR","","",0.00,"","","","","00000000","",0.000,"","0000","0000000000","00000000","","","","0000","000","0000000000","","","","","","","","","","","","","","","","","","00000000","","000000","","","","","","","","","","","","000000","","0.00000000000000","0.00000000000000","","","000000","","000000","M","ZBSI","ECOM","SI","01","01","IN","MH","","MH24","B","A","0000402853","0000402853","20100519","EPL","","","L","0003338679","","0000402853","0000402853","","","","","",""
"020","5402100864","000001","000000",30.000,"STR",1,1,"STR",0.000,30.000,30.000,0.030,0.030,"KG",0.000,"","EP00","20100519","20100519",1.00000,4628.70,"","000000","2102100954","900001","J","3102100686","000001","","000000000421110624","CONSIVAS - 20 TABLETS 10X10 T [P TO P]","","EHC10001","FM-01","TAN","","","EMH1","","EM","000001","EMH1","IN","MH","","","A","","","","","","","","","","X","X",0.00,"02","02","","","","","A00","AA00","EM","","EMC_MH1","20100519","170809","","EPSL","",0.00,4628.70,0.00,0.00,0.00,0.00,0.00,1.00000,"","","","NUCRON","","","","","","","10%","","","","000000000421110624",0.00,"EMCU","0000000000","00000000","","",162.00,"X","000000000000000000","000000000000000000","","000000","X","","","MH23","01","01","IN","","01","MH","ECOM","SI","00000000","","","C","00000000","","000000","","","","",231.44,"","","","",162.00466666666668,"",0,"","","","","","","","","",0.00,"","000000","","20100519","","","","","","","","","","00000000","","","","","","","","",0.00000,"","","000000","","","","","","","","","",0.00,0x00000000000000000000000000000000,0x00000000000000000000000000000000,"","","00000000","","","0000000000","00000000","","000","000","00000000","00000000","","","","","0000000","","","0000000000","00000000",0x00000000000000000000000000000000,"","INR","","",0.00,"","","","","00000000","",0.000,"","0000","0000000000","00000000","","","","0000","000","0000000000","","","","","","","","","","","","","","","","","","00000000","","000000","","","","","","","","","","","","000000","","0.00000000000000","0.00000000000000","","","000000","","000000","M","ZBSI","ECOM","SI","01","01","IN","MH","","MH23","B","A","0000401092","0000401092","20100519","EPL","","","L","0003338680","","0000401092","0000401092","","","","","",""
"020","5402100869","000001","000000",30.000,"STR",1,1,"STR",0.000,30.000,30.000,0.030,0.030,"KG",0.000,"","EP00","20100519","20100519",1.00000,4628.70,"","000000","2102100959","900001","J","3102100691","000001","","000000000421110624","CONSIVAS - 20 TABLETS 10X10 T [P TO P]","","EHC10001","FM-01","TAN","","","EMH1","","EM","000001","EMH1","IN","MH","","","A","","","","","","","","","","X","X",0.00,"02","02","","","","","A00","AA00","EM","","EMC_MH1","20100519","170813","","EPSL","",0.00,4628.70,0.00,0.00,0.00,0.00,0.00,1.00000,"","","","NUCRON","","","","","","","10%","","","","000000000421110624",0.00,"EMCU","0000000000","00000000","","",162.00,"X","000000000000000000","000000000000000000","","000000","X","","","MH23","01","01","IN","","01","MH","ECOM","SI","00000000","","","C","00000000","","000000","","","","",231.44,"","","","",162.00466666666668,"",0,"","","","","","","","","",0.00,"","000000","","20100519","","","","","","","","","","00000000","","","","","","","","",0.00000,"","","000000","","","","","","","","","",0.00,0x00000000000000000000000000000000,0x00000000000000000000000000000000,"","","00000000","","","0000000000","00000000","","000","000","00000000","00000000","","","","","0000000","","","0000000000","00000000",0x00000000000000000000000000000000,"","INR","","",0.00,"","","","","00000000","",0.000,"","0000","0000000000","00000000","","","","0000","000","0000000000","","","","","","","","","","","","","","","","","","00000000","","000000","","","","","","","","","","","","000000","","0.00000000000000","0.00000000000000","","","000000","","000000","M","ZBSI","ECOM","SI","01","01","IN","MH","","MH23","B","A","0000402854","0000402854","20100519","EPL","","","L","0003338725","","0000402854","0000402854","","","","","",""
"020","5402100871","000001","000000",30.000,"STR",1,1,"STR",0.000,30.000,30.000,0.030,0.030,"KG",0.000,"","EP00","20100519","20100519",1.00000,4628.70,"","000000","2102100961","900001","J","3102100693","000001","","000000000421110624","CONSIVAS - 20 TABLETS 10X10 T [P TO P]","","EHC10001","FM-01","TAN","","","EMH1","","EM","000001","EMH1","IN","MH","","","A","","","","","","","","","","X","X",0.00,"02","02","","","","","A00","AA00","EM","","EMC_MH1","20100519","171000","","EPSL","",0.00,4628.70,0.00,0.00,0.00,0.00,0.00,1.00000,"","","","NUCRON","","","","","","","10%","","","","000000000421110624",0.00,"EMCU","0000000000","00000000","","",162.00,"X","000000000000000000","000000000000000000","","000000","X","","","MH04","01","01","IN","","01","MH","ECOM","SI","00000000","","","C","00000000","","000000","","","","",231.44,"","","","",162.00466666666668,"",0,"","","","","","","","","",0.00,"","000000","","20100519","","","","","","","","","","00000000","","","","","","","","",0.00000,"","","000000","","","","","","","","","",0.00,0x00000000000000000000000000000000,0x00000000000000000000000000000000,"","","00000000","","","0000000000","00000000","","000","000","00000000","00000000","","","","","0000000","","","0000000000","00000000",0x00000000000000000000000000000000,"","INR","","",0.00,"","","","","00000000","",0.000,"","0000","0000000000","00000000","","","","0000","000","0000000000","","","","","","","","","","","","","","","","","","00000000","","000000","","","","","","","","","","","","000000","","0.00000000000000","0.00000000000000","","","000000","","000000","M","ZBSI","ECOM","SI","01","01","IN","MH","","MH04","B","A","0000400124","0000400124","20100519","EPL","","","L","0003338727","","0000400124","0000400124","","","","","",""
"020","5402101017","000001","000000",30.000,"STR",1,1,"STR",0.000,30.000,30.000,0.030,0.030,"KG",0.000,"","EP00","20100527","20100527",1.00000,4628.70,"","000000","2102101131","900001","J","3102100694","000001","","000000000421110624","CONSIVAS - 20 TABLETS 10X10 T [P TO P]","","EHC10001","FM-01","TAN","","","EMH1","","EM","000001","EMH1","IN","MH","","","A","","","","","","","","","","X","X",0.00,"02","02","","","","","A00","AA00","EM","","EMC_MH1","20100527","133719","","EPSL","",0.00,4628.70,0.00,0.00,0.00,0.00,0.00,1.00000,"","","","NUCRON","","","","","","","10%","","","","000000000421110624",0.00,"EMCU","0000000000","00000000","","",162.00,"X","000000000000000000","000000000000000000","","000000","X","","","MH04","01","01","IN","","01","MH","ECOM","SI","00000000","","","C","00000000","","000000","","","","",231.44,"","","","",162.00466666666668,"",0,"","","","","","","","","",0.00,"","000000","","20100527","","","","","","","","","","00000000","","","","","","","","",0.00000,"","","000000","","","","","","","","","",0.00,0x00000000000000000000000000000000,0x00000000000000000000000000000000,"","","00000000","","","0000000000","00000000","","000","000","00000000","00000000","","","","","0000000","","","0000000000","00000000",0x00000000000000000000000000000000,"","INR","","",0.00,"","","","","00000000","",0.000,"","0000","0000000000","00000000","","","","0000","000","0000000000","","","","","","","","","","","","","","","","","","00000000","","000000","","","","","","","","","","","","000000","","0.00000000000000","0.00000000000000","","","000000","","000000","M","ZBSI","ECOM","SI","01","01","IN","MH","","MH04","B","A","0000400126","0000400126","20100527","EPL","","","L","0003353957","","0000400126","0000400126","","","","","",""
"020","5402101020","000001","000000",30.000,"STR",1,1,"STR",0.000,30.000,30.000,0.030,0.030,"KG",0.000,"","EP00","20100527","20100527",1.00000,4628.70,"","000000","2102101135","900001","J","3102100708","000001","","000000000421110624","CONSIVAS - 20 TABLETS 10X10 T [P TO P]","","EHC10001","FM-01","TAN","","","EMH1","","EM","000001","EMH1","IN","MH","","","A","","","","","","","","","","X","X",0.00,"02","02","","","","","A00","AA00","EM","","EMC_MH1","20100527","133723","","EPSL","",0.00,4628.70,0.00,0.00,0.00,0.00,0.00,1.00000,"","","","NUCRON","","","","","","","10%","","","","000000000421110624",0.00,"EMCU","0000000000","00000000","","",162.00,"X","000000000000000000","000000000000000000","","000000","X","","","MH03","01","01","IN","","01","MH","ECOM","SI","00000000","","","C","00000000","","000000","","","","",231.44,"","","","",162.00466666666668,"",0,"","","","","","","","","",0.00,"","000000","","20100527","","","","","","","","","","00000000","","","","","","","","",0.00000,"","","000000","","","","","","","","","",0.00,0x00000000000000000000000000000000,0x00000000000000000000000000000000,"","","00000000","","","0000000000","00000000","","000","000","00000000","00000000","","","","","0000000","","","0000000000","00000000",0x00000000000000000000000000000000,"","INR","","",0.00,"","","","","00000000","",0.000,"","0000","0000000000","00000000","","","","0000","000","0000000000","","","","","","","","","","","","","","","","","","00000000","","000000","","","","","","","","","","","","000000","","0.00000000000000","0.00000000000000","","","000000","","000000","M","ZBSI","ECOM","SI","01","01","IN","MH","","MH03","B","A","0000400750","0000400750","20100527","EPL","","","L","0003353961","","0000400750","0000400750","","","","","",""
"020","5402101112","000001","000000",30.000,"STR",1,1,"STR",0.000,30.000,30.000,0.030,0.030,"KG",0.000,"","EP00","20100529","20100529",1.00000,4628.70,"","000000","2102101134","900001","J","3102100707","000001","","000000000421110624","CONSIVAS - 20 TABLETS 10X10 T [P TO P]","","EHC10001","FM-01","TAN","","","EMH1","","EM","000001","EMH1","IN","MH","","","A","","","","","","","","","","X","X",0.00,"02","02","","","","","A00","AA00","EM","","EMC_MH1","20100529","161008","","EPSL","",0.00,4628.70,0.00,0.00,0.00,0.00,0.00,1.00000,"","","","NUCRON","","","","","","","10%","","","","000000000421110624",0.00,"EMCU","0000000000","00000000","","",162.00,"X","000000000000000000","000000000000000000","","000000","X","","","MH03","01","01","IN","","01","MH","ECOM","SI","00000000","","","C","00000000","","000000","","","","",231.44,"","","","",162.00466666666668,"",0,"","","","","","","","","",0.00,"","000000","","20100529","","","","","","","","","","00000000","","","","","","","","",0.00000,"","","000000","","","","","","","","","",0.00,0x00000000000000000000000000000000,0x00000000000000000000000000000000,"","","00000000","","","0000000000","00000000","","000","000","00000000","00000000","","","","","0000000","","","0000000000","00000000",0x00000000000000000000000000000000,"","INR","","",0.00,"","","","","00000000","",0.000,"","0000","0000000000","00000000","","","","0000","000","0000000000","","","","","","","","","","","","","","","","","","00000000","","000000","","","","","","","","","","","","000000","","0.00000000000000","0.00000000000000","","","000000","","000000","M","ZBSI","ECOM","SI","01","01","IN","MH","","MH03","B","A","0000400146","0000400146","20100529","EPL","","","L","0003361164","","0000400146","0000400146","","","","","",""
"020","5402102739","000001","000000",20.000,"STR",1,1,"STR",0.000,20.000,20.000,0.020,0.020,"KG",0.000,"","EP00","20100731","20100731",1.00000,3937.40,"","000000","2102103033","900001","J","3102101894","000001","","000000000421110674","FADVIC - 80 TABLETS 10X10 T [P TO P]","","ECB10001","FM-01","TAN","","","EMH1","","EM","000001","EMH1","IN","MH","","","A","","","","","","","","","","X","X",0.00,"02","02","","","","","A00","AA00","EM","","EMC_MH1","20100731","185835","","EPSL","",0.00,3937.40,0.00,0.00,0.00,0.00,0.00,1.00000,"","","","XENNEX","","","","","","","10%","","","","000000000421110674",0.00,"EMCU","0000000000","00000000","","",206.71,"X","000000000000000000","000000000000000000","","000000","X","","","MH04","01","01","IN","","01","MH","ECOM","SI","00000000","","","C","00000000","","000000","","","","",196.87,"","","","",206.71350000000001,"",0,"","","","","","","","","",0.00,"","000000","","20100731","","","","","","","","","","00000000","","","","","","","","",0.00000,"","","000000","","","","","","","","","",0.00,0x00000000000000000000000000000000,0x00000000000000000000000000000000,"","","00000000","","","0000000000","00000000","","000","000","00000000","00000000","","","","","0000000","","","0000000000","00000000",0x00000000000000000000000000000000,"","INR","","",0.00,"","","","","00000000","",0.000,"","0000","0000000000","00000000","","","","0000","000","0000000000","","","","","","","","","","","","","","","","","","00000000","","000000","","","","","","","","","","","","000000","","0.00000000000000","0.00000000000000","","","000000","","000000","M","ZBSI","ECOM","SI","01","01","IN","MH","","MH04","B","A","0000400126","0000400126","20100731","EPL","","","L","0003525008","","0000400126","0000400126","","","","","",""
"020","5402102891","000001","000000",30.000,"STR",1,1,"STR",0.000,30.000,30.000,0.030,0.030,"KG",0.000,"","EP00","20100813","20100813",1.00000,3119.40,"","000000","2102103213","900001","J","3102101948","000001","","000000000421110673","FADVIC - 40 TABLETS 10X10 T [P TO P]","","ECA10001","FM-01","TAN","","","EMH1","","EM","000001","EMH1","IN","MH","","","A","","","","","","","","","","X","X",0.00,"02","02","","","","","A00","AA00","EM","","EMC_MH1","20100813","170357","","EPSL","",0.00,3119.40,0.00,0.00,0.00,0.00,0.00,1.00000,"","","","XENNEX","","","","","","","10%","","","","000000000421110673",0.00,"EMCU","0000000000","00000000","","",109.18,"X","000000000000000000","000000000000000000","","000000","X","","","MH04","01","01","IN","","01","MH","ECOM","SI","00000000","","","C","00000000","","000000","","","","",155.97,"","","","",109.179,"",0,"","","","","","","","","",0.00,"","000000","","20100813","","","","","","","","","","00000000","","","","","","","","",0.00000,"","","000000","","","","","","","","","",0.00,0x00000000000000000000000000000000,0x00000000000000000000000000000000,"","","00000000","","","0000000000","00000000","","000","000","00000000","00000000","","","","","0000000","","","0000000000","00000000",0x00000000000000000000000000000000,"","INR","","",0.00,"","","","","00000000","",0.000,"","0000","0000000000","00000000","","","","0000","000","0000000000","","","","","","","","","","","","","","","","","","00000000","","000000","","","","","","","","","","","","000000","","0.00000000000000","0.00000000000000","","","000000","","000000","M","ZBSI","ECOM","SI","01","01","IN","MH","","MH04","B","A","0000400126","0000400126","20100813","EPL","","","L","0003547635","","0000400126","0000400126","","","","","",""
"020","5402000113","000001","000000",10.000,"STR",1,1,"STR",0.000,10.000,10.000,0.010,0.010,"KG",0.000,"","EP00","20090416","20090416",1.00000,437.40,"","000000","2102000146","900001","J","3102000102","000001","","000000000421110537","EMFOLIC - DHA CAPSULES 10X15 C [PTOP]","","PAA09003","FM-01","TAN","","","EMH1","","EM","000001","EMH1","IN","MH","","","A","","","","","","","","","","X","X",0.00,"02","02","","","","","A00","AA00","EM","","EMC_MH1","20090416","172323","","EPSL","",0.00,437.40,0.00,0.00,0.00,0.00,0.00,1.00000,"","","","PHARMA","","","","","","021","10%","","180","","000000000421110537",0.00,"EMCU","0000000000","00000000","","",45.49,"X","000000000000000000","000000000000000000","","000000","X","","","MH23","01","01","IN","","01","MH","ECOM","SI","00000000","","","C","00000000","","000000","","","","",17.50,"","","","",45.490000000000002,"",0,"","","","","","","","","",0.00,"","000000","","20090416","","","","","","","","","","00000000","","","","","","","","",0.00000,"","","000000","","","","","","","","","",0.00,0x00000000000000000000000000000000,0x00000000000000000000000000000000,"","","00000000","","","0000000000","00000000","","000","000","00000000","00000000","","","","","0000000","","","0000000000","00000000",0x00000000000000000000000000000000,"","INR","","",0.00,"","","","","00000000","",0.000,"","0000","0000000000","00000000","","","","0000","000","0000000000","","","","","","","","","","","","","","","","","","00000000","","000000","","","","","","","","","","","","000000","","0.00000000000000","0.00000000000000","","","000000","","000000","M","ZBSI","ECOM","SI","01","01","IN","MH","","MH23","B","A","0000401095","0000401095","20090416","EPL","","","L","0002644849","","0000401095","0000401095","","","","","",""
